SALA 104  Prédio do CCT - 2o. Semestre 2022,,,,,,
Capacidade: 35 alunos,,,,,,
Horário,SEGUNDA,TERÇA,QUARTA,QUINTA,SEXTA,SÁBADO
07:00 - 08:00,,,,,,
08:00 - 09:00,,Materiais Compósitos Prof. Raul,Caracterização de Materiais II Prof. Djalma,Materiais Compósitos Prof. Raul,Caracterização de Materiais II Prof. Djalma,
09:00 - 10:00,,,,,,
10:00 - 11:00,Física Geral I CC,Física Geral I EM-EP,Física Geral I CC,Física Geral I EM-EP,Materiais Poliméricos II Prof. Rubén,
11:00 - 12:00,,,,,,
12:00 - 13:00,,,,,,
13:00 - 14:00,,,,,,
14:00 - 15:00,Processamento de Imegens Prof. Rivera,Programação Orientada a Objetos Profa. Annabell,Processamento de Imegens Prof. Rivera,Programação Orientada a Objetos Profa. Annabell,,Monitoria Química Geral I
15:00 - 16:00,,,,,,
16:00 - 17:00,"Term,odinâmica para Engenharias",Organização do Trabalho Prof. Edson,"Term,odinâmica para Engenharias",Organização do Trabalho Prof. Edson,,Monitoria Química Geral II
17:00 - 18:00,,,,,,
18:00 - 19:00,Estatística e,Cálculo IV,Estatística e,Cálculo IV,Laboratório de,Laboratório de Matemática I
19:00 - 20:00,Prof. Nelson,Prof. Rigoberto,Prof. Nelson,Prof. Rigoberto,Prof. Nilson,Informática na Educação
20:00 - 21:00,,Física Geral I LM-LQ,Informática na Educação,Física Geral I LM-LQ,História da Matemática,
21:00 - 22:00,,,,,,
SALA 105  Prédio do CCT - 2o. Semestre 2022,,,,,,
Capacidade: 35 alunos,,,,,,
Horário,SEGUNDA,TERÇA,QUARTA,QUINTA,SEXTA,SÁBADO
07:00 - 08:00,,,,,,
08:00 - 09:00,,Materiais Cerâmicos I Prof. Angelus,Metaheurística Aplicada à,Materiais Cerâmicos I Prof. Angelus,Geometria,
09:00 - 10:00,,,,,,
10:00 - 11:00,Química Orgânica,Gerência da Qualidade,Otimização Profa. Jacqueline,Materiais Poliméricos II Prof. Rubén,Prof. Luiz Zeferino,
11:00 - 12:00,,,,,,
12:00 - 13:00,,,,,,
13:00 - 14:00,,,,,,
14:00 - 15:00,Química Geral II PP-outros,Álgebra Linear Prof. Paulo Dias,Monitoria Química Geral I,Álgebra Linear Prof. Paulo Dias,Aritmética,
15:00 - 16:00,,,,,,
16:00 - 17:00,Monitoria Química Geral I,Paradigma OO Desenvolvimento Prof. Ausberto,Estrutura de Dados II Prof. Tang,Paradigma OO Desenvolvimento Prof. Ausberto,Prof. Oscar,
17:00 - 18:00,,,,,,
18:00 - 19:00,Instrumentação para o Ensino de Física I,Métodos para Física Profa. Rebeca,,Métodos para Física Profa. Rebeca,,
19:00 - 20:00,,,,,,
20:00 - 21:00,Fundamentos da Física Térmica,Mecânica II,,Mecânica II,,
21:00 - 22:00,,,,,,
SALA 106  Prédio do CCT - 2o. Semestre 2022,,,,,,
Capacidade: 65 alunos,,,,,,
Horário,SEGUNDA,TERÇA,QUARTA,QUINTA,SEXTA,SÁBADO
07:00 - 08:00,,,,,,
08:00 - 09:00,Estruturas Discretas Prof. Luis Guillermo,Cálculo Diferencial e Integral II Prof. Oscar,Estruturas Discretas Prof. Luis Guillermo,Cálculo Diferencial e Integral II,Construção Civil Prof. Jonas,
09:00 - 10:00,,,,,,
10:00 - 11:00,,Cálculo Diferencial,,,Cálculo Diferencial,
11:00 - 12:00,,Profa. Bruna,,Cálculo Diferencial,Profa. Bruna,
12:00 - 13:00,,,,Profa. Bruna,,
13:00 - 14:00,,,,,,
14:00 - 15:00,Cálculo Numérico Prof. Wilma,Álgebra Linear Profa. Elba,Cálculo Numérico Prof. Wilma,Álgebra Linear Profa. Elba,"Inglês Instrumental I Turma L EC, EP Prof. Sergio",
15:00 - 16:00,,,,,,
16:00 - 17:00,Física Geral I,Cálculo III,Física Geral I,Cálculo III,,
17:00 - 18:00,EC-PP,Prof. Rigoberto,EC-PP,Prof. Rigoberto,,
18:00 - 19:00,Química Geral II Prof. Jefferson,Cálculo Diferencial e Integral III - IV Prof. Rigoberto,Química Geral II Prof. Jefferson,Cálculo Diferencial e Integral III - IV Prof. Rigoberto,,
19:00 - 20:00,,,,,,
20:00 - 21:00,Química Geral I,Física Geral II LQ-LM,Química Geral I,Física Geral II LQ-LM,,
21:00 - 22:00,,,,,,
SALA 107  Prédio do CCT - 2o. Semestre 2022,,,,,,
Capacidade: 35 alunos,,,,,,
Horário,SEGUNDA,TERÇA,QUARTA,QUINTA,SEXTA,SÁBADO
07:00 - 08:00,,,,,,
08:00 - 09:00,,Int. à Probabilidade e Estatística Prof. Arica,Tratamentos térmicos Profa. Elaine,Int. à Probabilidade e Estatística Prof. Arica,Ciência dos,
09:00 - 10:00,,,,,,
10:00 - 11:00,Pesquisa Operacional Prof. Tang,Tratamentos térmicos Profa. Elaine,Pesquisa Operacional Prof. Tang,,Prof. Angelus,
11:00 - 12:00,,,,,,
12:00 - 13:00,,,,,,
13:00 - 14:00,,,,,,
14:00 - 15:00,Prof. Sérgio EM,Álgebra Linear Profa. Rebeca,Geral I Prof. Passoni,Álgebra Linear Profa. Rebeca,Química Orgânica,
15:00 - 16:00,,,,,,
16:00 - 17:00,Álgebra Linear Profa. Wilma,Processos de Fabricação Prof. Policani,Álgebra Linear Profa. Wilma,Processos de Fabricação Prof. Policani,,
17:00 - 18:00,,,,,,
18:00 - 19:00,,Física,Evolução dos,Cálculo Diferencial e Integral II Turma LF - LQ Prof. Paulo Beggio,,
19:00 - 20:00,,,,,,
20:00 - 21:00,,Ondulatória,Física II,,,
21:00 - 22:00,,,,,,
SALA 108  Prédio do CCT - 2o. Semestre 2022,,,,,,
Capacidade: 40 alunos,,,,,,
Horário,SEGUNDA,TERÇA,QUARTA,QUINTA,SEXTA,SÁBADO
07:00 - 08:00,,,,,,
08:00 - 09:00,,Metaheurística,Introdução à Probabilidade e Estatística Prof. Edson,Inglês Técnico,Inglês Instrumental II,
09:00 - 10:00,,,,,,
10:00 - 11:00,Física Geral II,Profa. Jacqueline,Física Geral II,Prof. Sergio,Prof. Sergio,
11:00 - 12:00,,,,,,
12:00 - 13:00,,,Introdução à Probabilidade e,,,
13:00 - 14:00,,,Estatística Prof. Edson,,,
14:00 - 15:00,Cálculo Diferencial e Integral II Prof. Oscar,Química Orgânica,Cálculo Diferencial e Integral II,Monitoria Química Geral I,,
15:00 - 16:00,,,,,,
16:00 - 17:00,Cálculo Diferencial,Cálculo Diferencial,,Cálculo Diferencial,,
17:00 - 18:00,Prof. Niander,Prof. Niander,,Prof. Niander,,
18:00 - 19:00,Cálculo Diferencial e Integral I LF-LQ Prof. Niander,Cálculo Diferencial e Integral II Prof. Niander,Bioquímica Geral,Cálculo Diferencial e Integral II Prof. Niander,Química Analítica I Profa. Cristina,
19:00 - 20:00,,,,,,
20:00 - 21:00,,Cálculo Diferencial e Integral I LF-LQ Prof. Niander,Prof. Jorge Hernandez,Cálculo Diferencial e Integral I LF-LQ Prof. Niander,,
21:00 - 22:00,,,,,,
SALA 109-A  Prédio do CCT - 2o. Semestre 2022,,,,,,
Capacidade: 35 alunos,,,,,,
Horário,SEGUNDA,TERÇA,QUARTA,QUINTA,SEXTA,SÁBADO
07:00 - 08:00,,,,,,
08:00 - 09:00,,Construção Civil,,,Mineralogia,
09:00 - 10:00,,Prof. Jonas,,Aquecimento Global e,Profa. Márcia,
10:00 - 11:00,,Mineralogia Profa. Márcia,Gestão Estratégica Prof. Manuel Molina,Ciência da Complexidade Prof. Marcelo Sthel,Gestão Estratégica Prof. Manuel Molina,
11:00 - 12:00,,,,,,
12:00 - 13:00,,,,,,
13:00 - 14:00,,Metalurgia Geral Profa. Lioudmila,,,,
14:00 - 15:00,Profa. Lioudmila,Materiais Eletrônicos Prof. Herval,Química Orgânica,Química Medicinal Profa. Leda Mathias,Química Orgânica Profa. Leda Mathias,
15:00 - 16:00,,,,,,
16:00 - 17:00,Materiais Eletrônicos Prof. Herval,Química Medicinal Profa. Leda Mathias,Química Ambiental Profa. Cristina,Monitoria Química Geral I,,
17:00 - 18:00,,,,,,
18:00 - 19:00,,Química Inorgânica I Prof. Fernando,Prática de Ensino de Química I Profa. Rosana,Química Orgânica II Prof. Carlos,,
19:00 - 20:00,,,,,,
20:00 - 21:00,Estágio Supervisionado III Profa. Rosana,Química Orgânica II Prof. Carlos,Estágio Supervisionado I Profa. Rosana,Química Inorgânica I Prof. Fernando,,
21:00 - 22:00,,,,,,
SALA 109-B  Prédio do CCT - 2o. Semestre 2022,,,,,,
Capacidade: 40 alunos,,,,,,
Horário,SEGUNDA,TERÇA,QUARTA,QUINTA,SEXTA,SÁBADO
07:00 - 08:00,,,,,,
08:00 - 09:00,,Int. à Probabilidade e,Sistemas,Int. à Probabilidade e,Sistemas,
09:00 - 10:00,Recursos,Prof. Patrick,Prof. João,Prof. Patrick,Prof. João,
10:00 - 11:00,no Ensino da Matemática Prof. Ausberto,Paradigmas de Linguagens Prof. Ausberto,Sistema Operacional Prof. João,Paradigmas de Linguagens Prof. Ausberto,Sistema Operacional Prof. João,
11:00 - 12:00,,,,,,
12:00 - 13:00,,,,,,
13:00 - 14:00,,,,,,
14:00 - 15:00,Geometria Analítica,Teste de Software Prof.,Lógica Digital Profa. Sânya,Teste de Software Prof.,Lógica Digital Profa. Sânya,
15:00 - 16:00,,,,,,
16:00 - 17:00,,Teoria de Decisões,Banco de Dados II,Teoria de Decisões,Banco de Dados II,
17:00 - 18:00,Seminário II Prof. Nelson,Profa. Gudelia,Profa. Sânya,Profa. Gudelia,Profa. Sânya,
18:00 - 19:00,Álgebra Linear Turma-ENG,Cálculo Diferencial e Integral II Tura LF - LQ Prof. Paulo Beggio,Projeto de Extensão Matemática ao alcance de todos,Físico-Química I Prof. Alexandre,Projeto de Extensão Matemática ao alcance de todos,
19:00 - 20:00,,,,,,
20:00 - 21:00,,Físico-Química I Prof. Alexandre,,,,
21:00 - 22:00,,,,,,
,SALA 203-A  Prédio do CCT - 2o. Semestre 2022,,,,,,
,Capacidade: 35 alunos,,,,,,
,Horário,SEGUNDA,TERÇA,QUARTA,QUINTA,SEXTA,SÁBADO
,07:00 - 08:00,,,,,,
,08:00 - 09:00,,,,,Computação e Sociedade Turma: CC,
,09:00 - 10:00,,,,,,
,10:00 - 11:00,Geotecnia das Fundações Prof. Paulo Maia,Fenômenos de Transporte Prof. Leandro,,,,
,11:00 - 12:00,,,,,,
,12:00 - 13:00,,,,,,
,13:00 - 14:00,,,,,,
,14:00 - 15:00,Introdução à Espetroscopia Prof. Roberto Franco,Ressonância Magnética Eletrônica Prof. Roberto Franco,Introdução à Espetroscopia Prof. Roberto Franco,Cristalografia e difração de Raio X Prof. Pablo Bernardo,Ressonância Magnética,
,15:00 - 16:00,,,,,,
,16:00 - 17:00,"Dualidade da Luz e da partícula Profs. Marcelo, Leonardo e André",Cristalografia e difração de Raio X Prof. Pablo Bernardo,Fenômenos de Transporte Prof. Leandro,,Eletrônica Prof. Roberto Franco,
,17:00 - 18:00,,,,,,
,18:00 - 19:00,Análise na Reta Prof. Paulo Dias,,Análise na Reta Prof. Paulo Dias,,Estágio II Profa. Bruna,
,19:00 - 20:00,,,,,,
,20:00 - 21:00,Laboratório de,Variáveis Complexas,Prática Pedagógica II,Variáveis Complexas,Lab. Matemática III,
,21:00 - 22:00,Prof. Nilson,Prof. Paulo Beggio,Prof. Nilson,Prof. Paulo Beggio,Prática Pedagógica II,
SALA 206  Prédio do CCT - 2o. Semestre 2022,,,,,,
Capacidade: 40 alunos,,,,,,
Horário,SEGUNDA,TERÇA,QUARTA,QUINTA,SEXTA,SÁBADO
07:00 - 08:00,,,,,,
08:00 - 09:00,,,,,,
09:00 - 10:00,,,,,Propriedades Físicas,
10:00 - 11:00,Física Geral III,Tecnologia em cerâmica vermelha,Física Geral III,,e Químicas de Materiais Cimentícios prof. Guilherme,
11:00 - 12:00,,,,,,
12:00 - 13:00,,,,,,
13:00 - 14:00,,,,,,
14:00 - 15:00,Prof. Nagipe EP,,Química Orgânica,,Química Orgânica Prof. Rodrigo,
15:00 - 16:00,,,,,,
16:00 - 17:00,Programação II Prof. Rivera,Métodos Matemáticos Profa. Rebeca,Química Orgânica Prof. Rodrigo,Métodos Matemáticos Profa. Rebeca,,
17:00 - 18:00,,,,,,
18:00 - 19:00,Física Moderna I,,Física Moderna I,Prova Laboratório de Física Geral I,,
19:00 - 20:00,,,,,,
20:00 - 21:00,Eletromagnetismo,,Eletromagnetismo,Estratégias de Ensino II,,
21:00 - 22:00,,,,,,
SALA 207  Prédio do CCT - 2o. Semestre 2022,,,,,,
Capacidade: 40 alunos,,,,,,
Horário,SEGUNDA,TERÇA,QUARTA,QUINTA,SEXTA,SÁBADO
07:00 - 08:00,,,,,,
08:00 - 09:00,,,Teoria da Ciência Prof. Carlos Eduardo,,,
09:00 - 10:00,,,,,,
10:00 - 11:00,Túneis Prof. Aldo,Técnicas Modernas de Elucidação Estrutural Profs. Rodrigo e Raquel,"Natureza, estrutura e prop.  da matéria Profs. Sergio",Int. à Mecânica dos Solos Não Saturados Prof. Rodrigo,Técnicas Modernas de Elucidação Estrutural Profs. Rodrigo e Raquel,
11:00 - 12:00,,,,,,
12:00 - 13:00,,,,,,
13:00 - 14:00,,,,,,
14:00 - 15:00,Prof. Alexandre EC,Monitoria,Análise Matricial das Estruturas Prof. Gines,"Seminários I, II, III e IV Prof. Afonso Rangel",Química Orgânica Prof. Edmilson,
15:00 - 16:00,,,,,,
16:00 - 17:00,Concreto Pretendido Prof. Sergio,Química Geral II,Química Orgânica Prof. Edmilson,,,
17:00 - 18:00,,,,,,
18:00 - 19:00,,Cálculo II Profs. Ana e Nelson,Álgebra Linear Turma-ENG,Cálculo II Profs. Ana e Nelson,Ciência e Sociedade,
19:00 - 20:00,,,,,,
20:00 - 21:00,,Álgebra Linear Profa. Ana,Matemática Elementar II Profs. Ana e Nelson,Álgebra Linear Profa. Ana,,
21:00 - 22:00,,,,,,
SALA 208  Prédio do CCT - 2o. Semestre 2022,,,,,,
Capacidade: 35 alunos,,,,,,
Horário,SEGUNDA,TERÇA,QUARTA,QUINTA,SEXTA,SÁBADO
07:00 - 08:00,,,,,,
08:00 - 09:00,Propriedades,,Resistência dos Materiais Prof. Dylmar,Resistência dos Materiais Prof. Dylmar,,
09:00 - 10:00,,,,,,
10:00 - 11:00,Pro. Marcello,Catálise Heterogênea Prof. Alexandre Stumbo,,Catálise Heterogênea Prof. Alexandre Stumbo,,
11:00 - 12:00,,,,,,
12:00 - 13:00,,,,,,
13:00 - 14:00,,,,,,
14:00 - 15:00,TEG-Mecânica dos Solos não saturados Prof. Rodrigo,,Planejamento e Controle da Produção Prof. Rodrigo Nogueira,Planejamento e Controle da Produção Prof. Rodrigo Nogueira,,
15:00 - 16:00,,,,,,
16:00 - 17:00,,Resistência dos Materiais Prof. Dylmar,Leituras em Filosofia e Histõria da Ciência Prof. Fernando Luna,,,
17:00 - 18:00,,,,,,
18:00 - 19:00,Física Estatística,Física Quantica,Física Estatística,Física Quantica,Estágios Supervisionados I-IV AACC,
19:00 - 20:00,,,,,,
20:00 - 21:00,,Instrumentação para o Ensino de Física III,,,Monografia I Monografia II,
21:00 - 22:00,,,,,,
SALA 205 E1 (LCMAT)  Prédio da REITORIA - 2o. Semestre 2022,,,,,,
Capacidade: 35 alunos,,,,,,
Horário,SEGUNDA,TERÇA,QUARTA,QUINTA,SEXTA,SÁBADO
07:00 - 08:00,,,,,,
08:00 - 09:00,,Mecânica dos Solos Avançada Prof. Saboya,Modelos Constitutivos Profs. Aldo e Saboya,Empuxo de Terra e Estabilidade de Talude Prof. Tibana e Paulo Maia,Computação e,
09:00 - 10:00,,,,,,
10:00 - 11:00,,,,,,
11:00 - 12:00,,,,,,
12:00 - 13:00,,,,,,
13:00 - 14:00,,,,,,
14:00 - 15:00,,Tópicos Especiais em Engenharia Estrutural,,,,
15:00 - 16:00,,,,,,
16:00 - 17:00,,,,Ambiental,,
17:00 - 18:00,,,,,,
18:00 - 19:00,,,,,,
19:00 - 20:00,,,,,,
20:00 - 21:00,,,,,,
21:00 - 22:00,,,,,,
SALA 207 E1(DESENHO)  Prédio da REITORIA - 2o. Semestre 2022,,,,,,
Capacidade:  alunos,,,,,,
Horário,SEGUNDA,TERÇA,QUARTA,QUINTA,SEXTA,SÁBADO
07:00 - 08:00,,,,,,
08:00 - 09:00,,,,,,
09:00 - 10:00,,,,,,
10:00 - 11:00,,,,,,
11:00 - 12:00,,,,,,
12:00 - 13:00,,,,,,
13:00 - 14:00,,,,,,
14:00 - 15:00,,,,,,
15:00 - 16:00,,,,,,
16:00 - 17:00,,,,,,
17:00 - 18:00,,,,,,
18:00 - 19:00,,,,,,
19:00 - 20:00,,,,,,
20:00 - 21:00,,,,,,
21:00 - 22:00,,,,,,
SALA 206 E1   Prédio da REITORIA - 2o. Semestre 2022,,,,,,
Capacidade: 35 alunos,,,,,,
Horário,SEGUNDA,TERÇA,QUARTA,QUINTA,SEXTA,SÁBADO
07:00 - 08:00,,,,,,
08:00 - 09:00,Materiais de,,,,,
09:00 - 10:00,Prof. Guilherme,,,,,
10:00 - 11:00,,Biomateriais Prof. Raul,Eletrônicos Prof. Herval Paes,,Otimização Estrutural Prof. Gines,
11:00 - 12:00,,,,,,
12:00 - 13:00,,,Superduros Profa. Márcia,Superduros Profa. Márcia,Superduros Profa. Márcia,
13:00 - 14:00,,,,,,
14:00 - 15:00,,,,,,
15:00 - 16:00,Aproveitamento de,Materiais I,,,Construção II,
16:00 - 17:00,Resíduos Industriais na Industria Cerâmica,,,Pedologia e Mineralogia das,,
17:00 - 18:00,Prof. Carlos Maurício,,,Argilas Prof. Gustavo Xavier,,
18:00 - 19:00,,,não destrutivos,Ética Prof. Herval,,
19:00 - 20:00,,,,,,
20:00 - 21:00,,,,,,
21:00 - 22:00,,,,,,
SALA 211- E1  Prédio da REITORIA - 1o. Semestre 2022,,,,,,
Capacidade: 35 alunos,,,,,,
Horário,SEGUNDA,TERÇA,QUARTA,QUINTA,SEXTA,SÁBADO
07:00 - 08:00,,,,,,
08:00 - 09:00,Estradas e,,,,,
09:00 - 10:00,Prof. Paulo,Transportes,,Solos II,Técnicas de,
10:00 - 11:00,Mecânica dos,,Pavimentação,,Cerâmica Vermelha,
11:00 - 12:00,Prof. Saboya,,,Análise,Prof. José Nilson,
12:00 - 13:00,,,,Profa. Vânia,,
13:00 - 14:00,,,,,,
14:00 - 15:00,Matérias Jurídicas: Contratos Prof. Dylmar,,Metodologia Prof. Alzimar,,Siderurgia,
15:00 - 16:00,,,,,,
16:00 - 17:00,Propriedades do concreto no estado endurecido,Análise Estrutural III Profa. Vânia,,Ciência e Tecnologia dos Materiais,Profa. Alessandra,
17:00 - 18:00,,,,,,
18:00 - 19:00,Prof. Guilherme,Sustentabilidade,,Djalma e Elaine,Projeto de Graduação Profa. Alessandra,
19:00 - 20:00,,Prof. Afonso,,,Estágio Profa. Alessandra,
20:00 - 21:00,,,,,,
21:00 - 22:00,,,,,,
SALA 219 E1  Prédio da REITORIA - 1o. Semestre 2022,,,,,,
Capacidade: 35 alunos,,,,,,
Horário,SEGUNDA,TERÇA,QUARTA,QUINTA,SEXTA,SÁBADO
07:00 - 08:00,,,,,,
08:00 - 09:00,Percolação e Adensamento Prof. Tibana,,Concreto Protendido,,,
09:00 - 10:00,,,,,,
10:00 - 11:00,,Saneamento e,,,,
11:00 - 12:00,com Fibras naturais,Prof. Gustavo Xavier,,,Concreto Armado I Prof. Sergio,
12:00 - 13:00,,,,,,
13:00 - 14:00,,,,,,
14:00 - 15:00,Pesquisa Operacional Profa. Cristiane,Concreto Armado I Prof. Sergio,Pesquisa Operacional Profa. Cristiane,Patologia de Estrutures de Concreto Armado,,
15:00 - 16:00,,,,,,
16:00 - 17:00,Saneamento e,,,Prof. Dylmar,,
17:00 - 18:00,Prof. Gustavo Xavier,Seleção de,,,,
18:00 - 19:00,,Prof. Terrones,,,,
19:00 - 20:00,,,,,,
20:00 - 21:00,,,,,,
21:00 - 22:00,,,,,,
SALA 220 E1  Prédio da REITORIA - 1o. Semestre 2022,,,,,,
Capacidade: 35 alunos,,,,,,
Horário,SEGUNDA,TERÇA,QUARTA,QUINTA,SEXTA,SÁBADO
07:00 - 08:00,,,,,,
08:00 - 09:00,Materiais,,,Obras Geotécnicas,,
09:00 - 10:00,Prof. José Nilson,,,Prof. DIVERSOS,,
10:00 - 11:00,Concreto Armado II Prof. Leandro,Matemática Aplicada à Engenharia Prof. Aldo,Cerâmicos II Prof. José Nilson,Matemática Aplicada à Engenharia Prof. Aldo,Concreto Armado II Prof. Leandro,
11:00 - 12:00,,,,,,
12:00 - 13:00,,,,,,
13:00 - 14:00,,,,,,
14:00 - 15:00,Análise Estrutural Avançada Prof. Rancés,Obras Geotécnicas Prof. DIVERSOS,Português Instrumental I,Método dos Elementos Finitos Profa. Vânia,Resistência dos Materiais,
15:00 - 16:00,,,,,,
16:00 - 17:00,,,,,,
17:00 - 18:00,,,,,,
18:00 - 19:00,,,,,,
19:00 - 20:00,,,Resistência,,,
20:00 - 21:00,,,dos Materiais,,,
21:00 - 22:00,,,,,,
SALA 111 P5 - 1o. Semestre 2022,,,,,,
Capacidade: 24 alunos,,,,,,
Horário,SEGUNDA,TERÇA,QUARTA,QUINTA,SEXTA,SÁBADO
07:00 - 08:00,,,,,,
08:00 - 09:00,"Análise Financeira de Projetos PRO01432, PRO01431 Prof. Alcimar",Inteligência Artificial Profa. Annabell,"Análise Financeira de Projetos PRO01432, PRO01431 Prof. Alcimar",Inteligência Artificial Profa. Annabell,,
09:00 - 10:00,,,,,,
10:00 - 11:00,,Compiladores Profa. Annabell,,Compiladores Profa. Annabell,Projeto de Monografia Prof. Rivera,
11:00 - 12:00,,,,,,
12:00 - 13:00,,,,,,Estágio
13:00 - 14:00,,,,,,Profa. Jacqueline
14:00 - 15:00,Projeto do Produto Prof. Luiz Zeferino,Informações Gerenciadas,Projeto do Produto Prof. Luiz Zeferino,Tópicos Avançados em Dinâmica,Estágio Supervisionado Prof. Tang,
15:00 - 16:00,,,,,,
16:00 - 17:00,,Integradas Prof. Carlos,,Competitiva Industrial Prof. Sebastião Décio,Monografia Prof. Tang,
17:00 - 18:00,,,,,,
18:00 - 19:00,Pré-Projeto de Graduação Profa. Jacqueline,,,,,
19:00 - 20:00,,,,,,
20:00 - 21:00,Projeto de Graduação Profa. Jacqueline,,,,,
21:00 - 22:00,,,,,,
SALA 112 P5 - 1o. Semestre 2022,,,,,,
Capacidade: 24 alunos,,,,,,
Horário,SEGUNDA,TERÇA,QUARTA,QUINTA,SEXTA,SÁBADO
07:00 - 08:00,,,,,,
08:00 - 09:00,Pesquisa Operacional II Prof. José Arica,,Português,,Pesquisa Operacional II Prof. José Arica,
09:00 - 10:00,,,,,,
10:00 - 11:00,,Gerência da Produção II Prof. Rodrigo Nogueira,Instrumental I,Gerência da Produção II Prof. Rodrigo Nogueira,Liderança e Responsabilidade Social Profa. Gudelia,
11:00 - 12:00,,,,,,
12:00 - 13:00,,,,,,
13:00 - 14:00,,,,,,
14:00 - 15:00,Pesquisa Operacional Profa. Cristiane Aguiar,Português,Pesquisa Operacional Profa. Cristiane Aguiar,Tópicos Avançados em Dinâmica,Inovação e Competitividade Empresarial,
15:00 - 16:00,,,,,,
16:00 - 17:00,,Instrumental II,,Competitiva Industrial Prof. Décio,Prof. Manuel Molina,
17:00 - 18:00,Logística,,,,,
18:00 - 19:00,Prof. Carlos,Álgebra II Prof. Luis Guillermo,,Álgebra II Prof. Luis Guillermo,Estágio III - IV Profa. Roberta,
19:00 - 20:00,,,,,,
20:00 - 21:00,,,,,,
21:00 - 22:00,,,,,,
SALA P10 - 1o. Semestre 2022 (50 carteiras),,,,,,
Capacidade:  alunos,,,,,,
Horário,SEGUNDA,TERÇA,QUARTA,QUINTA,SEXTA,SÁBADO
07:00 - 08:00,,,,,,
08:00 - 09:00,,,Português Instrumental II,,,
09:00 - 10:00,,,,,,
10:00 - 11:00,,,,,,
11:00 - 12:00,,,,,,
12:00 - 13:00,,,,,,
13:00 - 14:00,,,,,,
14:00 - 15:00,,,,,,
15:00 - 16:00,,,,,,
16:00 - 17:00,,,,,,
17:00 - 18:00,,,,,,
18:00 - 19:00,,,,,,
19:00 - 20:00,,,,,,
20:00 - 21:00,,,,,,
21:00 - 22:00,,,,,,
Bancada 1 CCT - 1o. Semestre 2022,,,,,,
Capacidade:  alunos,,,,,,
Horário,SEGUNDA,TERÇA,QUARTA,QUINTA,SEXTA,SÁBADO
07:00 - 08:00,,,,,,
08:00 - 09:00,,,,,,
09:00 - 10:00,,,,,,
10:00 - 11:00,Computação para Engenharia de Produção Prof. Zeferino,,Computação para Engenharia de Produção Prof. Zeferino,,,
11:00 - 12:00,,,,,,
12:00 - 13:00,,,,,,
13:00 - 14:00,,,,,,
14:00 - 15:00,,,,,,
15:00 - 16:00,,,,,,
16:00 - 17:00,Estrutura de Dados II Prof. Tang,,Programação II Prof. Rivera,,,
17:00 - 18:00,,,,,,
18:00 - 19:00,Instrumentação para o,,Computação,,,
19:00 - 20:00,,,,,,
20:00 - 21:00,Prof. Juraci,,Turma: LM,,,
21:00 - 22:00,,,,,,
SALA 104  Prédio do CCT - 1o. Semestre 2023,,,,,,
Capacidade: 35 alunos,,,,,,
Horário,SEGUNDA,TERÇA,QUARTA,QUINTA,SEXTA,SÁBADO
07:00 - 08:00,,,,,,
08:00 - 09:00,Int. à Probabilidade e Estatística Prof. Patrick,Instalações Prediais Prof. Jonas,Mecânica dos Solos I Prof. Tibana,Hidráulica Prof. Gustavo,Instalações Prediais Prof. Jonas,
09:00 - 10:00,,,,,,
10:00 - 11:00,Física do Estado Sólido,Análise,Física do Estado Sólido,,Análise,
11:00 - 12:00,Prof. Marcelo Gomes,Prof. Guilherme,Prof. Marcelo Gomes,,Prof. Guilherme,
12:00 - 13:00,,,,,,
13:00 - 14:00,,,,,,
14:00 - 15:00,Hidráulica Prof. Gustavo,Materiais de Construção Prof. Rancés,Profissional Prof. Herval,Materiais de Construção Prof. Rancés,,
15:00 - 16:00,,,,,,
16:00 - 17:00,Física II Prof. Max Soffner,Análise Estrutural I Profa. Vânia Karam,Física II Prof. Max Soffner,Análise Estrutural I Profa. Vânia Karam,,
17:00 - 18:00,,,,,,
18:00 - 19:00,Trigonometria e... Prof. Nelson,Int. à Lógica Matemática Prof. Paulo Dias,Elementos de Geometria Plana e. Prof. Nelson,Int. à Lógica Matemática Prof. Paulo Dias,Ciência e Sociedade,
19:00 - 20:00,,,,,,
20:00 - 21:00,Elementos de Geometria Plana e. Prof. Nelson,Física I Prof. Marcelo Souza,Trigonometria e... Prof. Nelson,Física I Prof. Marcelo Souza,,
21:00 - 22:00,,,,,,
SALA 105  Prédio do CCT -1o. Semestre 2023,,,,,,
Capacidade: 35 alunos,,,,,,
Horário,SEGUNDA,TERÇA,QUARTA,QUINTA,SEXTA,SÁBADO
07:00 - 08:00,,,,,,
08:00 - 09:00,Mecânica dos Solos I,Métodos Estatísticos para Engenharia Prof. Arica,Introdução à Computação Prof. Rivera,Métodos Estatísticos para Engenharia Prof. Arica,Fenômenos de Transporte Prof. Djalma,
09:00 - 10:00,,,,,,
10:00 - 11:00,,"Fotoquímica, fotofísica",,TEG-Mecânica,Geotecnica de,
11:00 - 12:00,,Prof. Sergio,Ética Profissional Profa. Maria Alves,Prof. Rodrigo,Prof. Saboya,
12:00 - 13:00,,,,,,
13:00 - 14:00,,,,,,
14:00 - 15:00,Química Geral II Prof. Sergio,Administração de Operações e serviços Prof. André,Química Geral II Prof. Nagipe,Administração de Operações e serviços Prof. André,Matemática Discreta,
15:00 - 16:00,,,,,,
16:00 - 17:00,Física II Prof. Everton,Metodologia Cient. para Eng. De Produção Prof. Molina,Física II Prof. Everton,,Prof. Rafael,
17:00 - 18:00,,,,,,
18:00 - 19:00,Cálculo I Profa. Ana Senna,Matemática Básica Prof. Thallis,Cálculo I Profa. Ana Senna,Cálculo I Profa. Ana Senna,Matemática Básica Prof. Thallis,
19:00 - 20:00,,,,,,
20:00 - 21:00,Estratégias de Ensino III Prof. Roberto Faria,Mecânica Prof. Leonardo,"Tópicos em Ciências, Ensino e Sociedade Prof.",Mecânica Prof. Leonardo,,
21:00 - 22:00,,,,,,
SALA 106  Prédio do CCT - 1o. Semestre 2023,,,,,,
Capacidade: 65 alunos,,,,,,
Horário,SEGUNDA,TERÇA,QUARTA,QUINTA,SEXTA,SÁBADO
07:00 - 08:00,,,,,,
08:00 - 09:00,Arquitetura de Computadores Profa. Sânya,Cálculo Diferencial e Integral I Prof. Rafael,Arquitetura de Computadores Profa. Sânya,Cálculo Diferencial e Integral I Prof. Rafael,Cálculo Diferencial e Integral I Prof. Rafael,
09:00 - 10:00,,,,,,
10:00 - 11:00,Estrutura de Dados I Prof. Tang,Físico-Química Aplicada Profa. Alessandra,Estrutura de Dados I Prof. Tang,,Int. à Engenharia Profa. Alessandra,
11:00 - 12:00,,,,,,
12:00 - 13:00,,,,,,
13:00 - 14:00,,,,,,
14:00 - 15:00,Métodos Matemáticos Prof. Paulo Beggio,Geometria Analítica Prof. Elba,Métodos Matemáticos Prof. Paulo Beggio,Geometria Analítica Prof. Elba,Higiene segurança trabalho/Eng. segurança Prof. André,
15:00 - 16:00,,,,,,
16:00 - 17:00,,Lab. Física II Avaliação Profa. Ellen,,,,
17:00 - 18:00,,,,,,
18:00 - 19:00,Cálculo Diferencial e Integral I Prof. Ludmilla,Cálculo Diferencial e Integral I Prof. Ludmilla,Física Quântica Prof. Marcelo,Cálculo Diferencial e Integral I Prof. Ludmilla,,
19:00 - 20:00,,,,,,
20:00 - 21:00,Metodologia Científica Prof. Sergio,Física II Profa. Ellen,,Física II Profa. Ellen,,
21:00 - 22:00,,,,,,
SALA 107  Prédio do CCT - 1o. Semestre 2023,,,,,,
Capacidade: 35 alunos,,,,,,
Horário,SEGUNDA,TERÇA,QUARTA,QUINTA,SEXTA,SÁBADO
07:00 - 08:00,,,,,,
08:00 - 09:00,Mecânica dos solos Prof. Saboya,Cálculo Diferencial e Integral I Prof. Thais,Int. à Engenharia Civil Prof. Aldo,Cálculo Diferencial e Integral I Prof. Thais,Cálculo Diferencial e Integral I Prof. Thais,
09:00 - 10:00,,,,,,
10:00 - 11:00,Pesquisa Operacional II Prof. Arica,Engenharia de Métodos Prof. Rodrigo,Pesquisa Operacional II Prof. Arica,Engenharia de Métodos Prof. Rodrigo,"Números, Conjuntos e Funçoes Elementares",
11:00 - 12:00,,,,,,
12:00 - 13:00,,,,,,
13:00 - 14:00,,,,,,
14:00 - 15:00,Química Geral II Prof. Nagipe,Liderança e Responsabilidade Social Profa. Gudelia,Química Geral I Prof. Passoni,Liderança e Responsabilidade Social Profa. Gudelia,,
15:00 - 16:00,,,,,,
16:00 - 17:00,Materiais Eletrônicos Prof. Herval,,Materiais Eletrônicos Prof. Herval,,,
17:00 - 18:00,,,,,,
18:00 - 19:00,Elementos de Química Geral,Cálculo Diferencial e Integral III Prof. Rafael,Elementos de Química Geral,Cálculo Diferencial e Integral III Prof. Rafael,,
19:00 - 20:00,,,,,,
20:00 - 21:00,,Matemática Básica Profa. Ana,,Matemática Básica Profa. Ana,,
21:00 - 22:00,,,,,,
SALA 108  Prédio do CCT - 1o. Semestre 2023,,,,,,
Capacidade: 40 alunos,,,,,,
Horário,SEGUNDA,TERÇA,QUARTA,QUINTA,SEXTA,SÁBADO
07:00 - 08:00,,,,,,
08:00 - 09:00,Int. à Eng. de Produção Profa. Gudelia,Cálculo Diferencial e Integral I Prof. Rigoberto,Fenômenos de Transporte Prof. Djalma,Cálculo Diferencial e Integral I Prof. Rigoberto,Cálculo Diferencial e Integral I Prof. Rigoberto,Didática Profa. Bianka
09:00 - 10:00,,,,,,
10:00 - 11:00,Métodos cromatográficos Profa. Cristina,Int. à Probabilidade e Estatística Profa. Gudelia,Métodos cromatográficos Profa. Cristina,Pré-Cálculo Profa. Thaís,Int. à Probabilidade e Estatística Profa. Gudelia,História da Educação Profa. Bianka
11:00 - 12:00,,,,,,
12:00 - 13:00,,,,,,
13:00 - 14:00,,,,,,
14:00 - 15:00,Cálculo Numérico Prof. Oscar,Álgebra Linear Prof. Paulo Dias,Cálculo Numérico Prof. Oscar,Álgebra Linear Prof. Paulo Dias,,
15:00 - 16:00,,,,,,
16:00 - 17:00,Prova de Lab. Física III 12/06/2023,Física III Prof. José Augusto,,Física III Prof. José Augusto,,
17:00 - 18:00,,,,,,
18:00 - 19:00,Física Quântica Prof. Marcelo,Química Orgânica I Prof. Carlos,Int. à Metrologia Científica Prof. Sergio,Química Orgânica I Prof. Carlos,Didática Profa. Bianka,
19:00 - 20:00,,,,,,
20:00 - 21:00,Química Geral I Prof.,,Química Geral I Prof.,Hist. Filos. Da Ciência Prof. Luna,História da Educação Profa. Bianka,
21:00 - 22:00,,,,,,
SALA 109-A  Prédio do CCT - 1o. Semestre 2023,,,,,,
Capacidade: 35 alunos,,,,,,
Horário,SEGUNDA,TERÇA,QUARTA,QUINTA,SEXTA,SÁBADO
07:00 - 08:00,,,,,,
08:00 - 09:00,,Cálculo Diferencial e Integral I Prof. Letícia,,Cálculo Diferencial e Integral I Prof. Letícia,Cálculo Diferencial e Integral I Prof. Letícia,
09:00 - 10:00,,,,,,
10:00 - 11:00,"Princípio, obtenção sinterização... Prof. José Nilson","Princípio, obtenção sinterização... Prof. José Nilson",Cerâmica vermelha estrutural,Empreendedorismo Prof. André,,
11:00 - 12:00,,,,,,
12:00 - 13:00,,,,,,
13:00 - 14:00,,,,,,
14:00 - 15:00,de energia Prof. Alzimar,Física Profa. Elaine,Química Geral I Prof.,Gerência de,Organização Industrial/ Organização das,
15:00 - 16:00,,,,,,
16:00 - 17:00,,,,Prof. Edson,Industrias Prof. Décio,
17:00 - 18:00,Sistemas de,,,,,
18:00 - 19:00,Prof. Carlos,Química Analítica II Profa. Cristina,Métodos Físicos de Análise I Profa. Leda,Química Analítica II Profa. Cristina,,
19:00 - 20:00,,,,,,
20:00 - 21:00,Métodos Físicos de Análise I Profa. Leda,,,,,
21:00 - 22:00,,,,,,
SALA 109-B  Prédio do CCT - 1o. Semestre 2023,,,,,,
Capacidade: 40 alunos,,,,,,
Horário,SEGUNDA,TERÇA,QUARTA,QUINTA,SEXTA,SÁBADO
07:00 - 08:00,,,,,,
08:00 - 09:00,Gestão de Custos Prof. Alcimar,Cálculo Diferencial e Integral I Profa. Elba,Gestão de Custos Prof. Alcimar,Cálculo Diferencial e Integral I Profa. Elba,Cálculo Diferencial e Integral I Profa. Elba,
09:00 - 10:00,,,,,,
10:00 - 11:00,Introdução à Economia Prof. Alcimar,Programação Profa. Luis Mariano,Introdução à Economia Prof. Alcimar,Materiais Poliméricos I Prof. Ruben,Materiais Poliméricos I Prof. Ruben,
11:00 - 12:00,,,,,,
12:00 - 13:00,,,,,,
13:00 - 14:00,,,,,,
14:00 - 15:00,Seg. no trabalho Profa. Maria Luiza,Concreto Armado II Prof. Sergio Garcia,Caracterização de Materiais I Profa. Lioudmila,Concreto Armado II,,
15:00 - 16:00,,,,,,
16:00 - 17:00,Matérias Jurídicas:,,Introdução à,,,
17:00 - 18:00,Prof. Dylmar,,Prof. Rivera,,,
18:00 - 19:00,Cálculo Numérico Prof. Niander,Pesquisa Operacional Prof. Patrick,Cálculo Numérico Prof. Niander,,,
19:00 - 20:00,,,,,,
20:00 - 21:00,Estágio Supervisionado II Profa. Rosana,,Estágio Supervisionado II Profa. Rosana,Prática de Ensino de Química II Profa. Rosana,,
21:00 - 22:00,,,,,,
SALA 203-A  Prédio do CCT - 1o. Semestre 2023,,,,,,
Capacidade: 35 alunos,,,,,,
Horário,SEGUNDA,TERÇA,QUARTA,QUINTA,SEXTA,SÁBADO
07:00 - 08:00,,,,,,
08:00 - 09:00,Fundações e,Percolação e,,Físico-Química,,
09:00 - 10:00,Prof. Paulo Maia,Prof. Tibana,Contenções,Profa. Alessandra,,
10:00 - 11:00,,Hidrologia e,,Hidrologia e,aço e madeiras,
11:00 - 12:00,,Prof. Afonso,,Prof. Afonso,,
12:00 - 13:00,,,,,,
13:00 - 14:00,,,,,,
14:00 - 15:00,,Topografia Prof.,Química Geral I Prof.,Topografia Prof.,Higiene e segurança no trabalho Prof.,
15:00 - 16:00,,,,,,
16:00 - 17:00,,,,,,
17:00 - 18:00,,,,,,
18:00 - 19:00,Equações Diferenciais Prof. Paulo Beggio,Álgebra I Prof. L. Guillermo,Equações Diferenciais Prof. Paulo Beggio,Álgebra I Prof. L. Guillermo,Estágio Supervisionado I,
19:00 - 20:00,,,,,,
20:00 - 21:00,Prática,Cálculo,Lab. Mat. III,Cálculo,Lab. Mat. III Prof. Nilson,
21:00 - 22:00,Prof. Nilson,Profa. Wilma,Prof. Nilson,Profa. Wilma,,
SALA 206  Prédio do CCT - 1o. Semestre 2023,,,,,,
Capacidade: 40 alunos,,,,,,
Horário,SEGUNDA,TERÇA,QUARTA,QUINTA,SEXTA,SÁBADO
07:00 - 08:00,,,,,,
08:00 - 09:00,Corrosão e Proteção dos,Cálculo Diferencial e Integral III Prof. Oscar,Matemática Aplicada à,Cálculo Diferencial e Integral III Prof. Oscar,Mineralogia das argilas Prof. Gustavo,
09:00 - 10:00,,,,,,
10:00 - 11:00,Materiais Profa. Elaine,Programação Profa. Annabell,Engenharia Profa. Vânia,Organização de computadores Profa. Sânya,Modelos Constitutivos Profs. Aldo e Saboya,
11:00 - 12:00,,,,,,
12:00 - 13:00,,,,,,
13:00 - 14:00,,,,,,
14:00 - 15:00,Física I Prof. Marcelo Souza,,Física I Prof. Marcelo Souza,Int. processos Químicos... Profa. Cristina,Organização das Industrias,
15:00 - 16:00,,,,,,
16:00 - 17:00,,,Int. processos,,,
17:00 - 18:00,,,Profa. Cristina,,,
18:00 - 19:00,Física Matemática Prof. Juraci,Cálculo III Prof. Rafael,Física Matemática Prof. Juraci,Cálculo III Prof. Rafael,Didática,Didática
19:00 - 20:00,,,,,,
20:00 - 21:00,Seminário Supervisionado I,Álgebra Linear Prof. Lucas,,Álgebra Linear Prof. Lucas,Historia da Educação,Historia da Educação
21:00 - 22:00,,,,,,
SALA 207  Prédio do CCT - 1o. Semestre 2023,,,,,,
Capacidade: 40 alunos,,,,,,
Horário,SEGUNDA,TERÇA,QUARTA,QUINTA,SEXTA,SÁBADO
07:00 - 08:00,,,,,,
08:00 - 09:00,Lógica Matemática Prof. Tang,,Lógica Matemática Prof. Tang,Físico-Química Aplicada Profa. Márcia,Ciência dos Materiais,
09:00 - 10:00,,,,,,
10:00 - 11:00,Organização de computadores Profa. Sânya,Cinética e cálculo Reatores Prof. Alexandre,Int. à metabolômica Prof. Jan,Cinética e cálculo Reatores Prof. Alexandre,Prof. Angelus,
11:00 - 12:00,,,,,,
12:00 - 13:00,,,,,,
13:00 - 14:00,,,,,,
14:00 - 15:00,Física I Prof. André Guimarães,Física Experimental I Prova 25/4,Física I Prof. André Guimarães,Int. ao nanomagnetismo Prof. Pablo,reforçados... Prof. Felipe,
15:00 - 16:00,,,,,,
16:00 - 17:00,,Metodologia Química aplicada Prof. Jefferson,,,,
17:00 - 18:00,,,,,,
18:00 - 19:00,Física Moderna II Prof. André Guimarães,EDP Prof. Rigoberto,Física Moderna II Prof. André Guimarães,EDP Prof. Rigoberto,,Desenho Geométrico
19:00 - 20:00,,,,,,
20:00 - 21:00,Prova Física,Estratégias de,,,,
21:00 - 22:00,24/04 e 12/06,Prof. Marcelo Shoey,,,,
SALA 208  Prédio do CCT - 1o. Semestre 2023,,,,,,
Capacidade: 35 alunos,,,,,,
Horário,SEGUNDA,TERÇA,QUARTA,QUINTA,SEXTA,SÁBADO
07:00 - 08:00,,,,,,
08:00 - 09:00,Caracterização de,Pesquisa,,,,
09:00 - 10:00,Profa. Lioudmila,Prof. Patrick,,"Energia, ambiente",,
10:00 - 11:00,Introdução á Economia Prof.,Físico-Química Aplicada Profa. Márcia,Introdução á Economia Prof.,e sociedade: desafios... Prof. Marcelo Sthel,Aplicada Prof. Max Soffner,
11:00 - 12:00,,,,,,
12:00 - 13:00,,,,,,
13:00 - 14:00,,,,,,
14:00 - 15:00,Análise multivariada de dados em C. N. Prof. Murilo,,Química Geral I Prof. Edmilson,Ambiental Prof. Carlos Maurício,,
15:00 - 16:00,,,,,,
16:00 - 17:00,Física II Prof. Roberto Franco,Física I Profa. Denise Turma C,Física II Prof. Roberto Franco,Física I Profa. Denise Turma C,,
17:00 - 18:00,,,,,,
18:00 - 19:00,Eletricidade e Magnetismo Prof. Roberto Franco,Mecânica Clássica Prof. Pablo,Eletricidade e Magnetismo Prof. Roberto Franco,Mecânica Clássica Prof. Pablo,,
19:00 - 20:00,,,,,,
20:00 - 21:00,Introdução aos Conceitos de Física Profa. Denise,Evolução dos Conceitos da  Física I Prof. Marcelo Sthel,,Fisica prof. Ciências Prof. Denise,,
21:00 - 22:00,,,,,,
SALA 205 E1 (LCMAT)  Prédio da REITORIA - 1o. Semestre 2023,,,,,,
Capacidade: 35 alunos,,,,,,
Horário,SEGUNDA,TERÇA,QUARTA,QUINTA,SEXTA,SÁBADO
07:00 - 08:00,,,,,,
08:00 - 09:00,,,,,,
09:00 - 10:00,,,,,,
10:00 - 11:00,Prova Física Experimental I - TA 24/04 e 12/06,Prova Física Experimental I - TD 20/06,Prova Física Experimental I - TG 24/04 e 12/06,,,
11:00 - 12:00,,,,,,
12:00 - 13:00,,,,,,
13:00 - 14:00,,,,,,
14:00 - 15:00,,Prova Física Experimental I - TE 24/04 e 13/06,Prova Física Experimental I - TH 24/04 e 12/06,,,
15:00 - 16:00,,,,,,
16:00 - 17:00,Prova Física,,,,,
17:00 - 18:00,24/04 e 12/06,,,,,
18:00 - 19:00,Prova Física,Prova Lab. Física III,,,,
19:00 - 20:00,24/04 e 12/06,13/06/2023,,,,
20:00 - 21:00,,,,,,
21:00 - 22:00,,,,,,
SALA 206 E1   Prédio da REITORIA -1o. Semestre 2023,,,,,,
Capacidade: 35 alunos,,,,,,
Horário,SEGUNDA,TERÇA,QUARTA,QUINTA,SEXTA,SÁBADO
07:00 - 08:00,,,,,,
08:00 - 09:00,,,,,,
09:00 - 10:00,,,,,,
10:00 - 11:00,,,,,,
11:00 - 12:00,,,,,,
12:00 - 13:00,,,,,,
13:00 - 14:00,,,,,,
14:00 - 15:00,,dos Materiais Prof. Niander,Processamento e carac. de ferramentas diamantadas,,,
15:00 - 16:00,,,,,,
16:00 - 17:00,,,Prof. Marcello,,,
17:00 - 18:00,Analítica,Fundição Prof. Terrones,,,,
18:00 - 19:00,,,,,,
19:00 - 20:00,,Soldagem,,Soldagem,,
20:00 - 21:00,,Prof. Paranhos,,Prof. Paranhos,Estágio,
21:00 - 22:00,,,,,Prof. Terrones,
SALA 207 E1(DESENHO)  Prédio da REITORIA - 1o. Semestre 2023,,,,,,
Capacidade:  alunos,,,,,,
Horário,SEGUNDA,TERÇA,QUARTA,QUINTA,SEXTA,SÁBADO
07:00 - 08:00,,,,,,
08:00 - 09:00,,,,,,
09:00 - 10:00,,,,,,
10:00 - 11:00,,,,,,
11:00 - 12:00,,,,,,
12:00 - 13:00,,,,,,
13:00 - 14:00,,,,,,
14:00 - 15:00,,,,,,
15:00 - 16:00,,,,,,
16:00 - 17:00,,,,,,
17:00 - 18:00,,,,,,
18:00 - 19:00,,,,,,
19:00 - 20:00,,,,,,
20:00 - 21:00,,,,,,
21:00 - 22:00,,,,,,
SALA 211- E1  Prédio da REITORIA - 1o. Semestre 2023,,,,,,
Capacidade: 35 alunos,,,,,,
Horário,SEGUNDA,TERÇA,QUARTA,QUINTA,SEXTA,SÁBADO
07:00 - 08:00,,,,,,
08:00 - 09:00,,,,,,
09:00 - 10:00,Análise Experimental de Tensões Prof. Eduardo,,,Conformação Mecânica Prof. Marcello,Processamento de Placas Cerâmicas Prof. José Nilson,
10:00 - 11:00,,,,,,
11:00 - 12:00,,,,,,
12:00 - 13:00,,,,,,
13:00 - 14:00,,,,,,
14:00 - 15:00,,,Propriedades,,,
15:00 - 16:00,,de Materiais,tecnológicas de argamassas...,,,
16:00 - 17:00,Avançada,,Prof. Jonas,Ciência e,,
17:00 - 18:00,,,,Materiais,,
18:00 - 19:00,,Lab. Física II,,Djalma e Elaine,,
19:00 - 20:00,,Profa. Ellen,,,,
20:00 - 21:00,,,,,,
21:00 - 22:00,,,,,,
SALA 219 E1  Prédio da REITORIA - 1o. Semestre 2023,,,,,,
Capacidade: 35 alunos,,,,,,
Horário,SEGUNDA,TERÇA,QUARTA,QUINTA,SEXTA,SÁBADO
07:00 - 08:00,,,,,,
08:00 - 09:00,,,,Obras,,
09:00 - 10:00,,Cálculo numérico,,Prof. Rodrigo,,
10:00 - 11:00,,aplicada à Engenharia Prof. Gines,,,,
11:00 - 12:00,,,,,,
12:00 - 13:00,,,,,,
13:00 - 14:00,,,,,,
14:00 - 15:00,Química Orgânica Prof. Edmilson,Mecânica das rochas,Química Orgânica Prof. Edmilson,Geotecnia das Fundações Prof. Paulo Maia,,
15:00 - 16:00,,,,,,
16:00 - 17:00,,,,,,
17:00 - 18:00,,,,,,
18:00 - 19:00,,,,,Projeto de Graduação Profa. Alessandra,
19:00 - 20:00,,,,,,
20:00 - 21:00,,,,,Estágio,
21:00 - 22:00,,,,,Profa. Alessandra,
SALA 220 E1  Prédio da REITORIA - 1o. Semestre 2023,,,,,,
Capacidade: 35 alunos,,,,,,
Horário,SEGUNDA,TERÇA,QUARTA,QUINTA,SEXTA,SÁBADO
07:00 - 08:00,,,,,,
08:00 - 09:00,,,,,,
09:00 - 10:00,Prop. Físicas e Químicas,,,Tecnológicas de,,
10:00 - 11:00,de materiais ... Prof. Guilherme,de tensões Prof. Eduardo,Elasticidade e Plasticidade ... Profs. Aldo e Saboya,argamassas para assentamento... Prof. Jonas,,
11:00 - 12:00,,,,,,
12:00 - 13:00,,,,,,
13:00 - 14:00,,,,,,
14:00 - 15:00,Resistência dos,,dos Materiais,,,
15:00 - 16:00,Prof. Eduardo,,,,,
16:00 - 17:00,,Especiais,,,,
17:00 - 18:00,,,,,Resistência dos,
18:00 - 19:00,,,,,Prof. Eduardo,
19:00 - 20:00,,,,,,
20:00 - 21:00,,,,,,
21:00 - 22:00,,,,,,
SALA 111 P5 - 1o. Semestre 2023,,,,,,
Capacidade: 24 alunos,,,,,,
Horário,SEGUNDA,TERÇA,QUARTA,QUINTA,SEXTA,SÁBADO
07:00 - 08:00,,,,,,
08:00 - 09:00,,,,Int. Produção Industria Química Prof. Alexandre,Int. Mecânica solos não saturados Prof. Rodrigo Reis,Estágio
09:00 - 10:00,,,,,,
10:00 - 11:00,Sistemas de Transporte,Projeto Industrial Profa. Jacqueline,,Projeto Industrial Profa. Jacqueline,Int. Produção Industria Química Prof. Alexandre,Profa. Jacqueline
11:00 - 12:00,,,,,,
12:00 - 13:00,,,,,,
13:00 - 14:00,,,,,,
14:00 - 15:00,Simulação,Obras Geotécnicas,aço e madeiras Prof. Gines,,,
15:00 - 16:00,,,,,,
16:00 - 17:00,Profa. Jacqueline,,,,,
17:00 - 18:00,,,,,,
18:00 - 19:00,Química Inorgânica II Prof. Luna,Pré-Projeto de Graduação Profa. Jacqueline,,Métodos Mat. Para Física Prof. Lucas,Estágio Supervisionado III LM,
19:00 - 20:00,,,,,,
20:00 - 21:00,,Projeto de Graduação Profa. Jacqueline,,,Estágio Supervisionado IV LM,
21:00 - 22:00,,,,,,
SALA 112 P5 - 1o. Semestre 2023,,,,,,
Capacidade: 24 alunos,,,,,,
Horário,SEGUNDA,TERÇA,QUARTA,QUINTA,SEXTA,SÁBADO
07:00 - 08:00,,,,,,
08:00 - 09:00,,Termodinâmica,,Termodinâmica,Int. à Probabilidade e,
09:00 - 10:00,,Prof. Raul,Estatística para,Prof. Raul,Prof. Patrick,
10:00 - 11:00,Linear profa. Elba,Museus e espaços de ciência Profa. Simonne,Tratamento de Dados Prof. Gustavo,,,
11:00 - 12:00,,,,,,
12:00 - 13:00,,,,,,
13:00 - 14:00,,,,,,
14:00 - 15:00,Fundamentos de Cálculo,,Fundamentos de análise de invest. Prof. Rodrigo,,Ciência dos Materiais,
15:00 - 16:00,,,,,,
16:00 - 17:00,,,,,Aula extra,
17:00 - 18:00,Seminário I Prof. Nelson,,,,,
18:00 - 19:00,Físico-Química II Prof. Alexandre,Métodos Mat. Para Física Prof. Lucas,,Físico-Química II Prof. Alexandre,,
19:00 - 20:00,,,,,,
20:00 - 21:00,,,,,,
21:00 - 22:00,,,,,,
SALA 1 P10 - 1o. Semestre 2023(50 carteiras),,,,,,
Capacidade:  alunos,,,,,,
Horário,SEGUNDA,TERÇA,QUARTA,QUINTA,SEXTA,SÁBADO
07:00 - 08:00,,,,,,
08:00 - 09:00,,Monitoria Análise Estrutural,Inglês,Monitoria Análise Estrutural,Inglês,
09:00 - 10:00,,,,,,
10:00 - 11:00,,,Instrumental II,,Instrumental I,
11:00 - 12:00,,,,,,
12:00 - 13:00,,,,,,
13:00 - 14:00,,,,,,
14:00 - 15:00,,Química Geral I Prof. Rodrigo,Português,Química Geral I Prof. Rodrigo,Inglês Instrumental II,
15:00 - 16:00,,,,,,
16:00 - 17:00,,Ensino e Aprendizagem,Prof.,,,
17:00 - 18:00,,Profa. Rosana,,,,
18:00 - 19:00,,,,,,
19:00 - 20:00,,,,,,
20:00 - 21:00,,,,,,
21:00 - 22:00,,,,,,
Legendas: PG=Pós-Graduação; LF=Licenciatura em Física; LM=Licenciatura em Matemática; LQ=Licenciatura em Química,,,,,,
SALA 2 P10 - 1o. Semestre 2023 (50 carteiras),,,,,,
Capacidade:  alunos,,,,,,
Horário,SEGUNDA,TERÇA,QUARTA,QUINTA,SEXTA,SÁBADO
07:00 - 08:00,,,,,,
08:00 - 09:00,,Português Instrumental I,Português Instrumental II,Inglês Instrumental I,Português Instrumental II,
09:00 - 10:00,,,,,,
10:00 - 11:00,,,,,,
11:00 - 12:00,,,,,,
12:00 - 13:00,,,,,,
13:00 - 14:00,,,,,,
14:00 - 15:00,,Português Instrumental I,Português Instrumental I,Português Instrumental I,,
15:00 - 16:00,,,,,,
16:00 - 17:00,,,,,,
17:00 - 18:00,,,,,,
18:00 - 19:00,,,,,,
19:00 - 20:00,,,,,,
20:00 - 21:00,,,,,,
21:00 - 22:00,,,,,,
Legendas: PG=Pós-Graduação; LF=Licenciatura em Física; LM=Licenciatura em Matemática; LQ=Licenciatura em Química,,,,,,
SALA 3 P10 - 1o. Semestre 2023 (35 carteiras),,,,,,
Capacidade:  alunos,,,,,,
Horário,SEGUNDA,TERÇA,QUARTA,QUINTA,SEXTA,SÁBADO
07:00 - 08:00,,,,,,
08:00 - 09:00,,,,,,
09:00 - 10:00,,,,,,
10:00 - 11:00,,Int. Sociologia Trabalho,,Int. Sociologia Trabalho,,
11:00 - 12:00,,,,,,
12:00 - 13:00,,,,,,
13:00 - 14:00,,,,,,
14:00 - 15:00,,,Inglês Instrumental I,"Seminários I, II, II, IV Prof. Afonso",,
15:00 - 16:00,,,,,,
16:00 - 17:00,,,,,,
17:00 - 18:00,,,,,,
18:00 - 19:00,,,,,,
19:00 - 20:00,,,,,,
20:00 - 21:00,,,,,,
21:00 - 22:00,,,,,,
Legendas: PG=Pós-Graduação; LF=Licenciatura em Física; LM=Licenciatura em Matemática; LQ=Licenciatura em Química,,,,,,
Bancada 1 CCT - 1o. Semestre 2023,,,,,,
Capacidade:  alunos,,,,,,
Horário,SEGUNDA,TERÇA,QUARTA,QUINTA,SEXTA,SÁBADO
07:00 - 08:00,,,,,,
08:00 - 09:00,,,Computação para Eng. de Produção Prof. Zeferino,,,
09:00 - 10:00,,,,,,
10:00 - 11:00,Computação para Eng. de Produção,FCC Prof. Osniel,Programação Profa. Annabell,FCC Prof. Osniel,Programação Profa. Annabell,
11:00 - 12:00,,,,,,
12:00 - 13:00,Prof. Zeferino,,,,,
13:00 - 14:00,,,,,,
14:00 - 15:00,,Paradigmas LP Prof. Ausberto,,Paradigmas LP Prof. Ausberto,FCC Prof. Osniel,
15:00 - 16:00,,,,,,
16:00 - 17:00,,,FCC Prof. Osniel,,FCC,
17:00 - 18:00,,,,,,
18:00 - 19:00,,,,,LQ,
19:00 - 20:00,,,,,,
20:00 - 21:00,,,FCC LF,,FCC LF,
21:00 - 22:00,,,,,,
SALA 104  Prédio do CCT - 2o. Semestre 2023,,,,,,
Capacidade: 35 alunos,,,,,,
Horário,SEGUNDA,TERÇA,QUARTA,QUINTA,SEXTA,SÁBADO
07:00 - 08:00,,,,,,
08:00 - 09:00,Materiais de,solos avançada,,,,
09:00 - 10:00,Prof. Guilherme,,,,Geometria,
10:00 - 11:00,Int. Engenharia Ambiental,Int. à Prob. e Estatística Profa. Gudelia,Pavimentação Prof. Paulo,Geologia Geral Profa. Glória,Prof. Luis,
11:00 - 12:00,,,,,,
12:00 - 13:00,,,,,,
13:00 - 14:00,,,,,,
14:00 - 15:00,Química Geral II Prof. Sergio,Geologia Geral Profa. Glória,Química Geral II Prof. Sergio,Materiais de Construção II Prof. Guilherme,Aritmética,
15:00 - 16:00,,,,,,
16:00 - 17:00,Física Moderna I Prof. R. Faria,,Fenônemos de Transporte,,Prof. Oscar,
17:00 - 18:00,,,,,,
18:00 - 19:00,,Álgebra II Prof. Oscar,,Álgebra II Prof. Oscar,,
19:00 - 20:00,,,,,,
20:00 - 21:00,,Física 2 Prof. Delson,,Física 2 Prof. Delson,,
21:00 - 22:00,,,,,,
SALA 105  Prédio do CCT - 2o. Semestre 2023,,,,,,
Capacidade: 35 alunos,,,,,,
Horário,SEGUNDA,TERÇA,QUARTA,QUINTA,SEXTA,SÁBADO
07:00 - 08:00,,,,,,
08:00 - 09:00,,Construção Civil Prof. Jonas,,,Construção Civil Prof. Jonas,
09:00 - 10:00,,,,,,
10:00 - 11:00,Termodinâmica p/Engenharias,Saneamento e Eng. Ambiental Prof. Gustavo,Termodinâmica p/Engenharias,Int. à Prob. e Estatística Profa. Gudelia,Concreto Armado I Prof. Sergio,
11:00 - 12:00,,,,,,
12:00 - 13:00,,,,,,
13:00 - 14:00,,,,,,
14:00 - 15:00,Projeto de Produto Prof. Luiz Zeferino,Concreto Armado I Prof. Sergio,Projeto de Produto Prof. Luiz Zeferino,Análise Estrutural III Profa. Vânia,,
15:00 - 16:00,,,,,,
16:00 - 17:00,Saneamento e Eng. Ambiental Prof. Gustavo,Análise Estrutural III Profa. Vânia,Química Ambiental Profa. M. Cristina,,,
17:00 - 18:00,,,,,,
18:00 - 19:00,Química Analítica I Profa. M. Cristina,,Fundamentos da Física Térmica Prof. Dayvison,,,
19:00 - 20:00,,,,,,
20:00 - 21:00,,,,,,
21:00 - 22:00,,,,,,
SALA 208  Prédio do CCT - 2o. Semestre 2023,,,,,,
Capacidade: 35 alunos,,,,,,
Horário,SEGUNDA,TERÇA,QUARTA,QUINTA,SEXTA,SÁBADO
07:00 - 08:00,,,,,,
08:00 - 09:00,Propriedades mecânicas e,Cerâmicos I Prof. Angelus,,Cerâmicos I Prof. Angelus,Ciência dos,
09:00 - 10:00,,,,,,
10:00 - 11:00,ensaios Prof. M. Filgueira,Biomateriais Prof. Raul,Túneis Prof. Aldo,Siderurgia,Prof. Angelus,
11:00 - 12:00,,,,,,
12:00 - 13:00,,,,Profa. Alessandra,,
13:00 - 14:00,,,,,,
14:00 - 15:00,Geral II Profa. Cibele,Engenharia Ambiental Prof. Carlos M.,da Pesquisa Prof. Alzimar,Engenharia Ambiental Prof. Carlos M.,,
15:00 - 16:00,,,,,,
16:00 - 17:00,Física 2 Bolsista,Química Orgânica II Prof. Carlos,Física 2 Bolsista,Química Orgânica II Prof. Carlos,,
17:00 - 18:00,,,,,,
18:00 - 19:00,,Física Quântica Prof. M. Gomes,,Física Quântica Prof. M. Gomes,,
19:00 - 20:00,,,,,,
20:00 - 21:00,,Int. à Hist. e Filosofia da Ciência Prof. M. Shoey,,,,
21:00 - 22:00,,,,,,
SALA 205 E1 (LCMAT)  Prédio da REITORIA - 2o. Semestre 2023,,,,,,
Capacidade: 35 alunos,,,,,,
Horário,SEGUNDA,TERÇA,QUARTA,QUINTA,SEXTA,SÁBADO
07:00 - 08:00,,,,,,
08:00 - 09:00,,,Modelos constitutivos,,Pedologia e M.,
09:00 - 10:00,,Mecânica da,p/Materiais ... Profs. Aldo/Saboya,,das Argilas Prof. Gustavo,
10:00 - 11:00,Geotecnia das Fundações Profs. Paulo e Juliana,Fratura Prof. Eduardo Atem,Mineralogia das Argilas Prof. Gustavo,Prof. Gines,,
11:00 - 12:00,,,,,,
12:00 - 13:00,,,,,,
13:00 - 14:00,,Metalurgia Geral Profa. Lioudmila,,,,
14:00 - 15:00,Metalurgia Geral Profa. Lioudmila,Mecânica das Rochas,,,,
15:00 - 16:00,,,,,,
16:00 - 17:00,,,,,,
17:00 - 18:00,,,,,Graduação,
18:00 - 19:00,Materiais,,,,,
19:00 - 20:00,,,Ensaios não,Tratamentos,,
20:00 - 21:00,,,Prof. Ronaldo Graduação,Profa. Elaine,,
21:00 - 22:00,,,,,,
SALA 206 E1   Prédio da REITORIA - 2o. Semestre 2023,,,,,,
Capacidade: 35 alunos,,,,,,
Horário,SEGUNDA,TERÇA,QUARTA,QUINTA,SEXTA,SÁBADO
07:00 - 08:00,,,,,,
08:00 - 09:00,,,,,,
09:00 - 10:00,,,,,,
10:00 - 11:00,,,,,,
11:00 - 12:00,,,,,,
12:00 - 13:00,,,,,,
13:00 - 14:00,,,,,,
14:00 - 15:00,,,,,,
15:00 - 16:00,Aproveitamento de Resíduos Ind. Na Ind. Cerâmica Prof. C. Maurício,,,,,
16:00 - 17:00,,,,,,
17:00 - 18:00,,,,,,
18:00 - 19:00,,,,,,
19:00 - 20:00,,,,,,
20:00 - 21:00,,,,,,
21:00 - 22:00,,,,,,
SALA 211- E1  Prédio da REITORIA - 2o. Semestre 2023,,,,,,
Capacidade: 35 alunos,,,,,,
Horário,SEGUNDA,TERÇA,QUARTA,QUINTA,SEXTA,SÁBADO
07:00 - 08:00,,,,,,
08:00 - 09:00,Percolação e,,,,,
09:00 - 10:00,Prof. S. Tibana,,,,Técnicas de,
10:00 - 11:00,,Fratura Prof. E. Atem,Materiais Compósitos Reforçados com Fibras Naturais,Gerenciamento e Gestão de Resíduos Sólidos ...,Cerâmica Vermelha e Estrutural Prof. José Nilson,
11:00 - 12:00,,,,,,
12:00 - 13:00,,,Prof. Felipe,Markssuel,,
13:00 - 14:00,,,,,,
14:00 - 15:00,Utilização de Materiais Superduros na Ciência e na Indústria,Ensaios Metalográficos,F. Básicos do Comportamento... Profa. Alessandra,,Processamento de Materiais Termoplásticos...,
15:00 - 16:00,,,,,,
16:00 - 17:00,Prof. M. Filgueira,,,Metodologia da,Prof. Djalma,
17:00 - 18:00,Ressonância,,Corrosão Profa. Elaine,Prof. Djalma,,
18:00 - 19:00,Magnética Eletrônica,,,,Pré-Projeto,
19:00 - 20:00,Prof. R. Franco,,,,Prof. Décio,
20:00 - 21:00,,,,,Projeto de Graduação Prof. Décio,
21:00 - 22:00,,,,,,
SALA 217 E1(DESENHO)  Prédio da REITORIA - 2o. Semestre 2023,,,,,,
1,,,,,,
Horário,SEGUNDA,TERÇA,QUARTA,QUINTA,SEXTA,SÁBADO
07:00 - 08:00,,,,,,
08:00 - 09:00,,,,,,
09:00 - 10:00,,,,,,
10:00 - 11:00,,,,,,
11:00 - 12:00,,,,,,
12:00 - 13:00,,,,,,
13:00 - 14:00,,,,,,
14:00 - 15:00,,,,,,
15:00 - 16:00,,,,,,
16:00 - 17:00,,,,,,
17:00 - 18:00,,,,,,
18:00 - 19:00,,,,,,
19:00 - 20:00,,,,,,
20:00 - 21:00,,,,,,
21:00 - 22:00,,,,,,
SALA 219 E1  Prédio da REITORIA - 2o. Semestre 2023,,,,,,
Capacidade: 35 alunos,,,,,,
Horário,SEGUNDA,TERÇA,QUARTA,QUINTA,SEXTA,SÁBADO
07:00 - 08:00,,,,,,
08:00 - 09:00,,Sistemas de Transporte,Resistência dos Materiais,Mecânica dos Solos Prof. Saboya,Ensaios não destrutivos... Prof. Rancés,
09:00 - 10:00,,,,,,
10:00 - 11:00,Mecânica dos Solos,,,,,
11:00 - 12:00,Prof. Saboya,Higiene e,,,de Estruturas,
12:00 - 13:00,,Trabalho,,,,
13:00 - 14:00,,,,,,
14:00 - 15:00,,,,Tópicos em Tec. Das,,
15:00 - 16:00,,Patologia e recuperação,,Prof. Rancés,,
16:00 - 17:00,protendido Prof. Sergio,estruturas de concreto Prof. Dylmar,Análise Matricial de Estruturas Prof. Gines,Patologia de Estruturas de Concreto Armado Prof. Dylmar,,
17:00 - 18:00,,,,,,
18:00 - 19:00,,,,Ética Prof. Prof. Herval,,
19:00 - 20:00,,,,,,
20:00 - 21:00,,,,,,
21:00 - 22:00,,,,,,
SALA 220 E1  Prédio da REITORIA - 2o. Semestre 2023,,,,,,
Capacidade: 35 alunos,,,,,,
Horário,SEGUNDA,TERÇA,QUARTA,QUINTA,SEXTA,SÁBADO
07:00 - 08:00,,,,,,
08:00 - 09:00,,,,Obras Geotécnicas,Teoria da,
09:00 - 10:00,Propriedades físicas,,,Prof. Diversos,Prof. Carlos E.,
10:00 - 11:00,e químicas de materiais cimentícios Prof. Guilherme,Estruturas Prof. Niander,Elementos finitos Profa. Vânia,,,
11:00 - 12:00,,,,,,
12:00 - 13:00,,,,,,
13:00 - 14:00,,,,T.E.E.E.,,
14:00 - 15:00,Tecnologia em cerâmica vermelha,Obras Geotécnicas Prof. Diversos,,Alvenaria Estrutural Prof. Niander,Uso da abordagem STEAM na aprendizagem...,
15:00 - 16:00,,,,,,
16:00 - 17:00,,,,,Prof. R. Faria,
17:00 - 18:00,,,,,,
18:00 - 19:00,,,,Propriedade Intelectual Prof. Molina,,
19:00 - 20:00,,materiais,Organização da,,,
20:00 - 21:00,,,Brasileira,,Propriedade Intelectual Prof. Molina,
21:00 - 22:00,,,,,,
SALA 111 P5 - 2o. Semestre 2023,,,,,,
Capacidade: 24 alunos,,,,,,
Horário,SEGUNDA,TERÇA,QUARTA,QUINTA,SEXTA,SÁBADO
07:00 - 08:00,,,,,,
08:00 - 09:00,,,,,,
09:00 - 10:00,,,,,,
10:00 - 11:00,,Catálise Heterogênea Prof. A. Stumbo,,Catálise Heterogênea Prof. A. Stumbo,,
11:00 - 12:00,,,,,,
12:00 - 13:00,,,,,,
13:00 - 14:00,,,,,,
14:00 - 15:00,,Método de caract. De materiais... Profs. Cibele e Jefferson,,Espectroscopia fotoacústica... Profs. M. Proscila e M. Gomes,Processamento de materiais poliméricos,
15:00 - 16:00,,,,,,
16:00 - 17:00,,,,,Prof. Djalma,
17:00 - 18:00,Logística,,,,,
18:00 - 19:00,Prof. Carlos,Físico-Química Prof.Alexandre,Seminário Supervivionado II Prof. Rigoberto,Introdução aos Processos da Indústria Química Prof. Alexandre,,
19:00 - 20:00,,,,,,
20:00 - 21:00,,,,Físico-Química Prof.Alexandre,,
21:00 - 22:00,,,,,,
SALA 112 P5 - 2o. Semestre 2023,,,,,,
Capacidade: 24 alunos,,,,,,
Horário,SEGUNDA,TERÇA,QUARTA,QUINTA,SEXTA,SÁBADO
07:00 - 08:00,,,,,,
08:00 - 09:00,,,,,,
09:00 - 10:00,Recursos,,,,,
10:00 - 11:00,no Ensino da Matemática Prof. Ausberto,Matemática Apli. à engenharia Prof. Aldo,,Matemática Apli. à engenharia Prof. Aldo,,
11:00 - 12:00,,,,,,
12:00 - 13:00,,,,,,
13:00 - 14:00,,,,,,
14:00 - 15:00,Geometria Analítica,Informações Gerenciais,Planejamento e Controle da Prod. Prof. Rodrigo N.,Planejamento e Controle da Prod. Prof. Rodrigo N.,Dinâmica Competitiva,
15:00 - 16:00,,,,,,
16:00 - 17:00,,Integradas Prof. Carlos,,,Industrial Prof. Décio,
17:00 - 18:00,Seminário II Prof. Rafael,,,,,
18:00 - 19:00,Análise na Reta Prof. P. Dias,Geometria Não Euclideana Prof. Rigoberto,Análise na Reta Prof. P. Dias,Geometria Não Euclideana Prof. Rigoberto,Laboratório de Matemática I Prof. Nilson,
19:00 - 20:00,,,,,,
20:00 - 21:00,Laboratório de Matemática III Prof. Nilson,Variáveis Complexas Prof. Rigoberto,Prática Pedagógica II Prof. Nilson,Variáveis Complexas Prof. Rigoberto,Prática Pedagógica II Prof. Nilson,
21:00 - 22:00,,,,,,
Sala 1 - P10 - 2o. Semestre 2023,,,,,,
Capacidade:  40 alunos,,,,,,
Horário,SEGUNDA,TERÇA,QUARTA,QUINTA,SEXTA,SÁBADO
07:00 - 08:00,,,,,,
08:00 - 09:00,,,,,,
09:00 - 10:00,,,,,,
10:00 - 11:00,,,,,,
11:00 - 12:00,,,,,,
12:00 - 13:00,,,,,,
13:00 - 14:00,,,,,,
14:00 - 15:00,,,,,,
15:00 - 16:00,,,,,Libras Prof.,
16:00 - 17:00,,,,,,
17:00 - 18:00,,,,,,
18:00 - 19:00,,,,,,
19:00 - 20:00,,,,,,
20:00 - 21:00,,,,,,
21:00 - 22:00,,,,,,
SALA 106  Prédio do CCT - 2o. Semestre 2023,,,,,,
Capacidade: 65 alunos,,,,,,
Horário,SEGUNDA,TERÇA,QUARTA,QUINTA,SEXTA,SÁBADO
07:00 - 08:00,,,,,,
08:00 - 09:00,Estruturas Discretas Prof. Oscar,Cálculo II Prof. Rigoberto,Estruturas Discretas Prof. Oscar,Cálculo II Prof. Rigoberto,,
09:00 - 10:00,,,,,,
10:00 - 11:00,,Cálculo I Prof. Lucas,,Cálculo I Prof. Lucas,Cálculo I Prof. Lucas,
11:00 - 12:00,,,,,,
12:00 - 13:00,,,,,,
13:00 - 14:00,,,,,,
14:00 - 15:00,Cálculo Numérico Profa. Elba,Álgebra Linear Profa. Elba,Cálculo Numérico Profa. Elba,Álgebra Linear Profa. Elba,,
15:00 - 16:00,,,,,,
16:00 - 17:00,Física 1 Prof. Marcelo S.,Física 3 Prof. José Augusto,Física 1 Prof. Marcelo S.,Física 3 Prof. José Augusto,,
17:00 - 18:00,,,,,,
18:00 - 19:00,,Cálculo IV Prof. Rafael,,Cálculo IV Prof. Rafael,,
19:00 - 20:00,,,,,,
20:00 - 21:00,,Física 1 Prof. Marcelo S.,,Física 1 Prof. Marcelo S.,,
21:00 - 22:00,,,,,,
Sala 2 - P10 - 2o. Semestre 2023,,,,,,
Capacidade:  40 alunos,,,,,,
Horário,SEGUNDA,TERÇA,QUARTA,QUINTA,SEXTA,SÁBADO
07:00 - 08:00,,,,,,
08:00 - 09:00,,,,,,
09:00 - 10:00,,,,,,
10:00 - 11:00,,,,,,
11:00 - 12:00,,,,,,
12:00 - 13:00,,,,,,
13:00 - 14:00,,,,,,
14:00 - 15:00,,,,,,
15:00 - 16:00,,,,,,
16:00 - 17:00,,,,,,
17:00 - 18:00,,,,,,
18:00 - 19:00,,,,,,
19:00 - 20:00,,,,,,
20:00 - 21:00,,,,,,
21:00 - 22:00,,,,,,
Sala 3 - P10 - 2o. Semestre 2023,,,,,,
Capacidade:  35 alunos,,,,,,
Horário,SEGUNDA,TERÇA,QUARTA,QUINTA,SEXTA,SÁBADO
07:00 - 08:00,,,,,,
08:00 - 09:00,,,,,,
09:00 - 10:00,,,,,,
10:00 - 11:00,,,,,,
11:00 - 12:00,,,,,,
12:00 - 13:00,,,,,,
13:00 - 14:00,,,,,,
14:00 - 15:00,,,,,,
15:00 - 16:00,,Ensino e Aprendizagem de Química Prof. Rosana,,,Português Instrumental II,
16:00 - 17:00,,,,,,
17:00 - 18:00,,,,,,
18:00 - 19:00,,,,,,
19:00 - 20:00,,,,,,
20:00 - 21:00,,,,,,
21:00 - 22:00,,,,,,
Bancada 1 CCT - 2o. Semestre 2023,,,,,,
Capacidade:  alunos,,,,,,
Horário,SEGUNDA,TERÇA,QUARTA,QUINTA,SEXTA,SÁBADO
07:00 - 08:00,,,,,,
08:00 - 09:00,,,Computação para Eng. De Produção Prof. Luiz Z.,,,
09:00 - 10:00,,,,,,
10:00 - 11:00,Computação para Eng. De Produção Prof. Luiz Z.,FCC Prof. Osniel,Estruturas de Dados II Prof. Tang,FCC Prof. Osniel,,
11:00 - 12:00,,,,,,
12:00 - 13:00,,,,,,
13:00 - 14:00,,,,,,
14:00 - 15:00,,POO Profa. Annabell,,POO Profa. Annabell,,
15:00 - 16:00,,,,,,
16:00 - 17:00,,,Programação II Prof. L. Rivera,Programação II Prof. L. Rivera,Computação,
17:00 - 18:00,,,,,,
18:00 - 19:00,,,,,Profa. Rafaela,
19:00 - 20:00,,,,,,
20:00 - 21:00,,,Informática na Educação Bolsista,Inst. para o ensino de Física I Prof. Juraci,,
21:00 - 22:00,,,,,,
SALA 107  Prédio do CCT - 2o. Semestre 2023,,,,,,
Capacidade: 35 alunos,,,,,,
Horário,SEGUNDA,TERÇA,QUARTA,QUINTA,SEXTA,SÁBADO
07:00 - 08:00,,,,,,
08:00 - 09:00,Cerâmicos II Prof. José Nilson,Cálculo II Prof. Rafael,disciplina PGCN Prof. Ivo,Cálculo II Prof. Rafael,Computação e Sociedade Prof.,
09:00 - 10:00,,,,,,
10:00 - 11:00,Dualidade da luz.. Profs. André e M. Gomes,Int. à Prob. e Estatística Prof. Arica,Cerâmicos II Prof. José Nilson,Int. à Prob. e Estatística Prof. Arica,,
11:00 - 12:00,,,,,,
12:00 - 13:00,,,,,,
13:00 - 14:00,,,,,,
14:00 - 15:00,Int. à espectroscopia Prof. R. Franco,Álgebra Linear Prof. Luis,Int. à espectroscopia Prof. R. Franco,Álgebra Linear Prof. Luis,,
15:00 - 16:00,,,,,,
16:00 - 17:00,,Liderança e Resp. Social Profa. Gudelia,Lab. Polímeros e compósitos Prof. Ruben,Liderança e Resp. Social Profa. Gudelia,,
17:00 - 18:00,,,,,,
18:00 - 19:00,,Métodos para Física Prof. P. Beggio,,Métodos para Física Prof. P. Beggio,,
19:00 - 20:00,,,,,,
20:00 - 21:00,Física Ondulatória Prof. Leonardo,,Física Ondulatória Prof. Leonardo,Óptica Geométrica Aplicada Profa. M. Priscila,Evol. Dos Conceitos da F. Prof. M. Sthel,
21:00 - 22:00,,,,,,
SALA 108  Prédio do CCT - 2o. Semestre 2023,,,,,,
Capacidade: 40 alunos,,,,,,
Horário,SEGUNDA,TERÇA,QUARTA,QUINTA,SEXTA,SÁBADO
07:00 - 08:00,,,,,,
08:00 - 09:00,Estradas e Pavimentação Prof. Paulo,Cálculo II Prof. Lucas,Caracterização de Materiais II Prof. Felipe,Cálculo II Prof. Lucas,Caracterização de Materiais II Prof. Felipe,
09:00 - 10:00,,,,,,
10:00 - 11:00,,Técnicas Modernas de... Profs. Rodrigo e Raquel,"Natureza, estrutura e prop... Prof. Sergio",Técnicas Modernas de... Profs. Rodrigo e Raquel,,
11:00 - 12:00,,,,,,
12:00 - 13:00,,,,,,
13:00 - 14:00,,,,,,
14:00 - 15:00,Cálculo Numérico Prof. Oscar,Cálculo II Prof. P. Beggio,Cálculo Numérico Prof. Oscar,Cálculo II Prof. P. Beggio,,
15:00 - 16:00,,,,,,
16:00 - 17:00,Física 1 Profa. Denise,Sistemas Operacionais Bolsista,Física 1 Profa. Denise,Sistemas Operacionais Bolsista,,
17:00 - 18:00,,,,,,
18:00 - 19:00,Química Geral II Prof. Jefferson,Cálculo II Profa. Ludmilla,Química Geral II Prof. Jefferson,Cálculo II Profa. Ludmilla,,
19:00 - 20:00,,,,,,
20:00 - 21:00,,,,,,
21:00 - 22:00,,,,,,
SALA 109-A  Prédio do CCT - 2o. Semestre 2023,,,,,,
Capacidade: 35 alunos,,,,,,
Horário,SEGUNDA,TERÇA,QUARTA,QUINTA,SEXTA,SÁBADO
07:00 - 08:00,,,,,,
08:00 - 09:00,,Leituras em filosofia e... Prof. F. Luna,,Empuxo de Terra... Profs. Tibana e Paulo,Fenônemos de Transporte,
09:00 - 10:00,,,,,,
10:00 - 11:00,Estruturas de Dados II Prof. Tang,Análise e Projeto Prof. Ausberto,,Análise e Projeto Prof. Ausberto,,
11:00 - 12:00,,,,,,
12:00 - 13:00,,,,,,
13:00 - 14:00,,,,,,
14:00 - 15:00,Geral II Prof. Nagipe,Álgebra Linear Prof. Lucas,Lógica Digital Bolsista,Álgebra Linear Prof. Lucas,,
15:00 - 16:00,,,,,,
16:00 - 17:00,Matérias Jurídicas: Contratos,Metodologia de P. em Ensino Prof. Victor Ferraz,,,,
17:00 - 18:00,,,,,,
18:00 - 19:00,,,Bioquímica Geral,,,
19:00 - 20:00,,,,,,
20:00 - 21:00,,,Jorge Fernandez,,,
21:00 - 22:00,,,,,,
SALA 109-B  Prédio do CCT - 2o. Semestre 2023,,,,,,
Capacidade: 40 alunos,,,,,,
Horário,SEGUNDA,TERÇA,QUARTA,QUINTA,SEXTA,SÁBADO
07:00 - 08:00,,,,,,
08:00 - 09:00,Pesquisa,,Pesquisa,,,
09:00 - 10:00,Prof. Arica,,Prof. Arica,,,
10:00 - 11:00,,,,e Ciência ...,,
11:00 - 12:00,,Int. Mecânica solos..,,,,
12:00 - 13:00,,Prof. Rodrigo,,,,
13:00 - 14:00,,,,,,
14:00 - 15:00,Química Geral I Prof. Passoni,,Química Geral I Prof. Passoni,"Química Medicinal Profs. Leda, Carlos",Físico-Química II Prof. Nickson,
15:00 - 16:00,,,,,,
16:00 - 17:00,Física 1 Prof. André,"Química Medicinal Profs. Leda, Carlos",Física 1 Prof. André,Estágio III Prof.Victor,,
17:00 - 18:00,,,,,,
18:00 - 19:00,,Estágio I Prof. Victor,,Química Inorgânica I Prof. Diego,,
19:00 - 20:00,,,,,,
20:00 - 21:00,Estágio Supervisionado III Prof. Victor,Química Inorgânica I Prof. Diego,Estágio Supervisionado I Prof. Victor,Prática de Ensino de Química I Prof. Victor,,
21:00 - 22:00,,,,,,
SALA 203-A  Prédio do CCT - 2o. Semestre 2023,,,,,,
Capacidade: 35 alunos,,,,,,
Horário,SEGUNDA,TERÇA,QUARTA,QUINTA,SEXTA,SÁBADO
07:00 - 08:00,,,,,,
08:00 - 09:00,Pesquisa,,,Topografia,,
09:00 - 10:00,Prof. Arica,Topografia,,Prof. Bolsista,,
10:00 - 11:00,Processos de Fabricação Prof. A. Policani,Prof. Bolsista,Processos de Fabricação Prof. A. Policani,Pesquisa Operacional II Prof. Arica,Aplicadas... Prof. Max,
11:00 - 12:00,,,,,,
12:00 - 13:00,,,,,,
13:00 - 14:00,,,,,,
14:00 - 15:00,Lógica Digital Bolsista,Processos Oxidativos AV. Profa. Maria Cristina,,Cristalografia e difração Raio X Prof. Pablo,Química Orgânica Prof. Edmilson,
15:00 - 16:00,,,,,,
16:00 - 17:00,Resistência dos Materiais II Prof. Eduardo Atem,Cristalografia e difração Raio X Prof. Pablo,Química Orgânica Prof. Edmilson,Resistência dos Materiais II Prof. Eduardo Atem,,
17:00 - 18:00,,,,,,
18:00 - 19:00,Probabilidade e Estatística Prof. Nelson,,Probabilidade e Estatística Prof. Nelson,,,
19:00 - 20:00,,,,,,
20:00 - 21:00,,,,,Historia da Matemática Prof. Rafael,
21:00 - 22:00,,,,,,
SALA 206  Prédio do CCT - 2o. Semestre 2023,,,,,,
Capacidade: 40 alunos,,,,,,
Horário,SEGUNDA,TERÇA,QUARTA,QUINTA,SEXTA,SÁBADO
07:00 - 08:00,,,,,,
08:00 - 09:00,,,,,,
09:00 - 10:00,,,,,,
10:00 - 11:00,Prova Física Prof. Luis 25/09,Gerência de Produção Prof. Rodrigo N.,Gestão Estratégica Prof. M. Molina,Gerência de Produção Prof. Rodrigo N.,Gestão Estratégica Prof. M. Molina,
11:00 - 12:00,,,,,,
12:00 - 13:00,,,,,,
13:00 - 14:00,,,,,,
14:00 - 15:00,Geral II Prof.,Materiais Eletrônicos Prof. Herval,,Seminário,Química Orgânica Prof. Jan,
15:00 - 16:00,,,,,,
16:00 - 17:00,Materiais Eletrônicos Prof. Herval,Programação II Prof. L. Rivera Turma A,Química Orgânica Prof. Jan,Programação II Prof. L. Rivera Turma B,,
17:00 - 18:00,,,,,,
18:00 - 19:00,Eletromagnetismo Prof. Max,Física Moderna II Bolsista,,Eletromagnetismo Prof. Max,,
19:00 - 20:00,,,,,,
20:00 - 21:00,Estratégias de Ensino II Prof. R. Faria,,,Física Moderna II Bolsista,,
21:00 - 22:00,,,,,,
SALA 207  Prédio do CCT - 2o. Semestre 2023,,,,,,
Capacidade: 40 alunos,,,,,,
Horário,SEGUNDA,TERÇA,QUARTA,QUINTA,SEXTA,SÁBADO
07:00 - 08:00,,,,,,
08:00 - 09:00,,Materiais compósitos Prof. Raul,Análise Financ. De Projetos/Análise Econômica sist. Eng. Prof. Alcimar,Materiais compósitos Prof. Raul,Mineralogia e tratamento de min. Profa. Márcia G.,
09:00 - 10:00,,,,,,
10:00 - 11:00,Análise Financ. De Projetos/Análise Econômica sist. Eng. Prof. Alcimar,Mineralogia e tratamento de min.,,Materiais poliméricos II Prof. Ruben,Materiais poliméricos II Prof. Ruben,
11:00 - 12:00,,,,,,
12:00 - 13:00,,,,,,
13:00 - 14:00,,,,,,
14:00 - 15:00,Geral II Prof. Fernando,Gerência de Qualidade Prof. A. Policani,,Gerência de Qualidade Prof. A. Policani,Química Orgânica Profa. Leda,
15:00 - 16:00,,,,,,
16:00 - 17:00,Elementos de Química Prof. Jefferson,Física para Ciências Agrárias Profa. Denise,Química Orgânica Profa. Leda,Física para Ciências Agrárias Profa. Denise,,
17:00 - 18:00,,,,,,
18:00 - 19:00,,Cálculo II Profa. Ana,,Cálculo II Profa. Ana,Geometria Analítica Prof. Nelson,
19:00 - 20:00,,,,,,
20:00 - 21:00,Geometria Analítica Prof. Nelson,Álgebra Linear Profa. Ana,,Álgebra Linear Profa. Ana,,
21:00 - 22:00,,,,,,
SALA 104  Prédio do CCT - 1o. Semestre 2024,,,,,,
Capacidade: 35 alunos,,,,,,
Horário,SEGUNDA,TERÇA,QUARTA,QUINTA,SEXTA,SÁBADO
07:00 - 08:00,,,,,,
08:00 - 09:00,Int. à Eng. de Produção Profa. Gudelia,Cálculo Diferencial e Integral III Prof.,,Cálculo Diferencial e Integral III Prof.,,
09:00 - 10:00,,,,,,
10:00 - 11:00,Física do Estado Sólido Prof. Marcelo Gomes,Projeto Industrial Profa. Jacqueline,Física do Estado Sólido Prof. Marcelo Gomes,Materiais Poliméricos I Prof. Ruben,Materiais Poliméricos I Prof. Ruben,
11:00 - 12:00,,,,,,
12:00 - 13:00,,,,,,
13:00 - 14:00,,,,,,
14:00 - 15:00,Química Geral II Prof. Sergio,Materiais de Construção Prof. Rancés,Química Geral II Prof. Sergio,Materiais de Construção Prof. Rancés,Int. à Metodologia Cienfica Prof.,
15:00 - 16:00,,,,,,
16:00 - 17:00,Física I Prof. André,Metodologia Cienfica Prof. Victor,Física I Prof. André,,,
17:00 - 18:00,,,,,,
18:00 - 19:00,Química Inorgânica II Prof. Diego,Química Orgânica I Prof. Carlos,,Química Orgânica I Prof. Carlos,,
19:00 - 20:00,,,,,,
20:00 - 21:00,,,,,,
SALA 105  Prédio do CCT - 1o. Semestre 2024,,,,,,
Capacidade: 35 alunos,,,,,,
Horário,SEGUNDA,TERÇA,QUARTA,QUINTA,SEXTA,SÁBADO
07:00 - 08:00,,,,,,
08:00 - 09:00,Ciência dos Materiais Prof. Angelus,Instalações Prediais Prof. Jonas,Ciência dos Materiais Prof. Angelus,Físico-Química Aplicada Profa. Márcia,Instalações Prediais Prof. Jonas,
09:00 - 10:00,,,,,,
10:00 - 11:00,Int. à Engenharia Profa. Alessandra,Físico-Química Aplicada Profa. Márcia,Introdução à C. Computação Prof. Rivera,Desempenho de materiais... Prof. Noam,,
11:00 - 12:00,,,,,,
12:00 - 13:00,,,,,,
13:00 - 14:00,,Metalurgia Física Profa. Elaine,Química Geral I Prof. Nickson,Engenharia Ambiental Prof. Carlos Maurício,Higiene segurança trabalho Prof. Felipe,
14:00 - 15:00,,,,,,
15:00 - 16:00,,,,,,
16:00 - 17:00,Física I Profa. Denise,Análise Estrutural I Profa. Vânia Karam,Física I Profa. Denise,Análise Estrutural I Profa. Vânia Karam,,
17:00 - 18:00,,,,,,
18:00 - 19:00,,,Introdução aos Conceitos de Física Prof. R. Faria,,"Tópicos em Ciências, Ensino e Sociedade Prof.",
19:00 - 20:00,,,,,,
20:00 - 21:00,,,,,,
SALA 106  Prédio do CCT - 1o. Semestre 2024,,,,,,
Capacidade: 65 alunos,,,,,,
Horário,SEGUNDA,TERÇA,QUARTA,QUINTA,SEXTA,SÁBADO
07:00 - 08:00,,,,,,
08:00 - 09:00,,Cálculo Diferencial e Integral I Prof.,,Cálculo Diferencial e Integral I Prof.,Cálculo Diferencial e Integral I Prof.,
09:00 - 10:00,,,,,,
10:00 - 11:00,Pesquisa Operacional Prof. Diego,IPE Prof. Gudelia,Pesquisa Operacional Prof. Diego,,IPE Prof. Gudelia,
11:00 - 12:00,,,,,,
12:00 - 13:00,,,,,,
13:00 - 14:00,,,,,,
14:00 - 15:00,,Liderança e Responsabilidade Social Prof.,,"Seminários I, II, III e IV Prof. Afonso",,
15:00 - 16:00,,,,,,
16:00 - 17:00,Métodos Matemácos Prof.,,Métodos Matemácos Prof.,,,
17:00 - 18:00,,,,,,
18:00 - 19:00,Cálculo Diferencial e Integral I - LFQ Prof.,Cálculo Diferencial e Integral I - LFQ Prof.,,Cálculo Diferencial e Integral I - LFQ Prof.,,
19:00 - 20:00,,,,,,
20:00 - 21:00,,,,,,
SALA 107  Prédio do CCT - 1o. Semestre 2024,,,,,,
Capacidade: 35 alunos,,,,,,
Horário,SEGUNDA,TERÇA,QUARTA,QUINTA,SEXTA,SÁBADO
07:00 - 08:00,,,,,,
08:00 - 09:00,,Cálculo Diferencial e Integral I Prof.,Int. à Engenharia Civil Prof. Aldo,Cálculo Diferencial e Integral I Prof.,Cálculo Diferencial e Integral I Prof.,
09:00 - 10:00,,,,,,
10:00 - 11:00,,Análise Estrutural II Prof. Guilherme,Cerâmica vermelha Prof. Carlos Maurício,Projeto Industrial Profa. Jacqueline,Análise Estrutural II Prof. Guilherme,
11:00 - 12:00,,,,,,
12:00 - 13:00,,,,,,
13:00 - 14:00,,,,,,
14:00 - 15:00,Física II Prof. R. Franco,Química Geral I Prof. Passoni,Física II Prof. R. Franco,Química Geral I Prof. Passoni,,
15:00 - 16:00,,,,,,
16:00 - 17:00,Resistência dos Materiais Prof. E. Atem,,Resistência dos Materiais Prof. E. Atem,,,
17:00 - 18:00,,,,,,
18:00 - 19:00,Eletricidade e Magnesmo Prof. Roberto Franco,Inst. Para o Ensino de Física II Profa. Denise,Eletricidade e Magnesmo Prof. Roberto Franco,,,
19:00 - 20:00,,,,,,
20:00 - 21:00,,,,,,
SALA 108  Prédio do CCT - 1o. Semestre 2024,,,,,,
Capacidade: 40 alunos,,,,,,
Horário,SEGUNDA,TERÇA,QUARTA,QUINTA,SEXTA,SÁBADO
07:00 - 08:00,,,,,,
08:00 - 09:00,Gestão de Custos Prof. Alcimar,Cálculo Diferencial e Integral I Prof.,Gestão de Custos Prof. Alcimar,Cálculo Diferencial e Integral I Prof.,Cálculo Diferencial e Integral I Prof.,
09:00 - 10:00,,,,,,
10:00 - 11:00,"Princípio, obtenção sinterização... Prof. José Nilson","Princípio, obtenção sinterização... Prof. José Nilson",,,,
11:00 - 12:00,,,,,,
12:00 - 13:00,,,,,,
13:00 - 14:00,,,Éca Profissional,,,
14:00 - 15:00,Física II Prof. Max,Geometria Analíca Prof. Elba,Física II Prof. Max,Geometria Analíca Prof. Elba,,
15:00 - 16:00,,,,,,
16:00 - 17:00,Materiais Eletrônicos Prof. Herval,Física III Prof. José Augusto,Materiais Eletrônicos Prof. Herval,Física III Prof. José Augusto,,
17:00 - 18:00,,,,,,
18:00 - 19:00,Física Moderna II Prof. André Guimarães,Cálculo Diferencial e Integral III Prof.,Física Moderna II Prof. André Guimarães,Cálculo Diferencial e Integral III Prof.,,
19:00 - 20:00,,,,,,
20:00 - 21:00,,,,,,
SALA 109-A  Prédio do CCT - 1o. Semestre 2024,,,,,,
Capacidade: 35 alunos,,,,,,
Horário,SEGUNDA,TERÇA,QUARTA,QUINTA,SEXTA,SÁBADO
07:00 - 08:00,,,,,,
08:00 - 09:00,,Cálculo Diferencial e Integral I Prof.,,Cálculo Diferencial e Integral I Prof.,Cálculo Diferencial e Integral I Prof.,
09:00 - 10:00,,,,,,
10:00 - 11:00,Métodos cromatográficos Profa. Crisna,"Fotoquímica, fotosica e fotobiologia Prof. Sergio","Elascidade e Plascidade Avançada Profs. Aldo, Saboya",Métodos cromatográficos Profa. Crisna,,
11:00 - 12:00,,,,,,
12:00 - 13:00,,,,,,
13:00 - 14:00,,,,,,
14:00 - 15:00,Int. processos Químicos... Profa. Crisna,,Química Geral I Prof. Nagipe,Int. processos Químicos... Profa. Crisna,,
15:00 - 16:00,,,,,,
16:00 - 17:00,Organização de computadores Prof.,Metodologia Trabalho Cienfico Prof. Molina,Organização de computadores Prof.,Metodologia Trabalho Cienfico Prof. Molina,,
17:00 - 18:00,,,,,,
18:00 - 19:00,,,Métodos Físicos de Análise I Profa. Leda,,,
19:00 - 20:00,,,,,,
20:00 - 21:00,,,,,,
SALA 109-B  Prédio do CCT - 1o. Semestre 2024,,,,,,
Capacidade: 40 alunos,,,,,,
Horário,SEGUNDA,TERÇA,QUARTA,QUINTA,SEXTA,SÁBADO
07:00 - 08:00,,,,,,
08:00 - 09:00,,Cálculo Diferencial e Integral I Prof.,,Cálculo Diferencial e Integral I Prof.,Cálculo Diferencial e Integral I Prof.,
09:00 - 10:00,,,,,,
10:00 - 11:00,Estrutura de Dados I Prof. Tang,Linguagens Formais Profa. Annabell,Estrutura de Dados I Prof. Tang,Linguagens Formais Profa. Annabell,,
11:00 - 12:00,,,,,,
12:00 - 13:00,,,,,,
13:00 - 14:00,,,,,,
14:00 - 15:00,,Eng. de soware Prof. Ausberto,Química Geral I Prof. Jan,Eng. de soware Prof. Ausberto,,
15:00 - 16:00,,,,,,
16:00 - 17:00,,,,,,
17:00 - 18:00,,,,,,
18:00 - 19:00,Cálculo Diferencial e Integral I-LM Prof.,Cálculo Diferencial e Integral I-LM Prof.,,Cálculo Diferencial e Integral I-LM Prof.,Pré-projeto de Graduação Prof. Décio,
19:00 - 20:00,,,,,,
20:00 - 21:00,,,,,,
SALA 203-A  Prédio do CCT - 1o. Semestre 2024,,,,,,
Capacidade: 35 alunos,,,,,,
Horário,SEGUNDA,TERÇA,QUARTA,QUINTA,SEXTA,SÁBADO
07:00 - 08:00,,,,,,
08:00 - 09:00,,Métodos Estascos para Eng. Prof. Arica,,Métodos Estascos para Eng. Prof. Arica,Fenômenos de Transporte Prof. Djalma,
09:00 - 10:00,,,,,,
10:00 - 11:00,,IPE Prof. Bolsista,Fenômenos de Transporte Prof. Djalma,IPE Prof. Bolsista,,
11:00 - 12:00,,,,,,
12:00 - 13:00,,,,,,
13:00 - 14:00,,,,,,
14:00 - 15:00,Prop. Tecnológicas de argamassas para assentamentos... Prof. Jonas,,Química Geral I Prof. Luna,Análises qualitavas na pesquisa em... Prof. Victor,,
15:00 - 16:00,,,,,,
16:00 - 17:00,,,,,,
17:00 - 18:00,,,,,,
18:00 - 19:00,Cálculo Numérico Prof.,Álgebra I Prof. Oscar Paz,Cálculo Numérico Prof.,Álgebra I Prof. Oscar Paz,,
19:00 - 20:00,,,,,,
20:00 - 21:00,,,,,,
SALA 206  Prédio do CCT - 1o. Semestre 2024,,,,,,,
Capacidade: 40 alunos,,,,,,,
Horário,SEGUNDA,TERÇA,QUARTA,QUINTA,SEXTA,SÁBADO,
07:00 - 08:00,,,,,,,
08:00 - 09:00,,Cálculo Diferencial e Integral III Prof.,,Cálculo Diferencial e Integral III Prof.,,,
09:00 - 10:00,,,,,,,
10:00 - 11:00,Redes de computadores Prof. João,Paradigmas LP Prof. Ausberto,Redes de computadores Prof. João,Paradigmas LP Prof. Ausberto,,,
11:00 - 12:00,,,,,,,
12:00 - 13:00,,,,,,,
13:00 - 14:00,,,,,,,
14:00 - 15:00,Lógica Matemáca Prof. Tang,,Lógica Matemáca Prof. Tang,Gerência de,,,
15:00 - 16:00,,,,,,,
16:00 - 17:00,,,,Prof. Frederico,,,
17:00 - 18:00,,,,,,,
18:00 - 19:00,Física Matemáca Prof. Juraci,,Física Matemáca Prof. Juraci,,,,
19:00 - 20:00,,,,,,,
20:00 - 21:00,,,,,,,
SALA 207  Prédio do CCT - 1o. Semestre 2024,,,,,,
Capacidade: 40 alunos,,,,,,
Horário,SEGUNDA,TERÇA,QUARTA,QUINTA,SEXTA,SÁBADO
07:00 - 08:00,,,,,,
08:00 - 09:00,,Cálculo Diferencial e Integral III Prof.,,Cálculo Diferencial e Integral III Prof.,,
09:00 - 10:00,,,,,,
10:00 - 11:00,Pesquisa Operacional II Prof. Arica,,,,Pesquisa Operacional II Prof. Arica,
11:00 - 12:00,,,,,,
12:00 - 13:00,,,,,,
13:00 - 14:00,,,,,,
14:00 - 15:00,Métodos Matemácos Prof.,Arquitetura de Computadores Prof.,Métodos Matemácos Prof.,Arquitetura de Computadores Prof.,,
15:00 - 16:00,,,,,,
16:00 - 17:00,,Metodologia Cienfica para Eng. De Produção Prof. Molina,,Metodologia Cienfica para Eng. De Produção Prof. Molina,,
17:00 - 18:00,,,,,,
18:00 - 19:00,Física Quânca Prof. Marcelo,Cálculo Diferencial e Integral III-LM Prof.,Física Quânca Prof. Marcelo,Cálculo Diferencial e Integral III-LM Prof.,,
19:00 - 20:00,,,,,,
20:00 - 21:00,,,,,,
SALA 208  Prédio do CCT - 1o. Semestre 2024,,,,,,
Capacidade: 35 alunos,,,,,,
Horário,SEGUNDA,TERÇA,QUARTA,QUINTA,SEXTA,SÁBADO
07:00 - 08:00,,,,,,
08:00 - 09:00,,Termodinâmica dos Materiais Prof. Raul,,Termodinâmica dos Materiais Prof. Raul,Mineralogia das Argilas Prof. Gustavo,
09:00 - 10:00,,,,,,
10:00 - 11:00,Int. à Economia Prof. Alcimar,Museus e espaços de ciência Profa. Simonne,Int. à Economia Prof. Alcimar,Dosagem de materiais cimencios Prof. Guilherme,Comp. e sociedade Prof.,
11:00 - 12:00,,,,,,
12:00 - 13:00,,,,,,
13:00 - 14:00,,,,Tóp. Esp. Estr.,,
14:00 - 15:00,Física II Prof.,,Física II Prof.,Modelagem Estrutural Prof. Niander,,
15:00 - 16:00,,,,,,
16:00 - 17:00,,"Metrologia Química Profs. Cibele, Jefferson",,,,
17:00 - 18:00,,,,,,
18:00 - 19:00,Trigonometria e... Prof. Nelson,Int. à Lógica Matemáca Prof. Paulo Dias,Trigonometria e... Prof. Nelson,Int. à Lógica Matemáca Prof. Paulo Dias,,
19:00 - 20:00,,,,,,
20:00 - 21:00,,,,,,
SALA 205  E1 - 1o. Semestre 2024,,,,,,
Capacidade: 35 alunos,,,,,,
Horário,SEGUNDA,TERÇA,QUARTA,QUINTA,SEXTA,SÁBADO
07:00 - 08:00,,,,,,
08:00 - 09:00,,,,,,
09:00 - 10:00,Prop. Físicas e químicas de materiais cimencios Prof. Guilherme,Cálculo Numérico aplicado à Eng. Prof. Gines,Matemáca aplicada à Engenharia Profa. Vania,,Processamento de Placas Cerâmicas para pisos e revesmentos Prof. José Nilson,
10:00 - 11:00,,,,,,
11:00 - 12:00,,,,,,
12:00 - 13:00,,,,,,
13:00 - 14:00,,,,,Estrutura e,
14:00 - 15:00,,,,,propriedades de polímeros,
15:00 - 16:00,Análise Estrutural Avançada Prof. Sérgio Luis,Mecânica das Rochas Prof. Aldo,Organização do Trabalho Prof. Frederico,,Prof. Ruben,
16:00 - 17:00,Ciência e tecnologis,,,,,
17:00 - 18:00,,,"dos materiais Profs. Alessandra,",,,
18:00 - 19:00,,,,Djalma e Elaine,,
19:00 - 20:00,,,,,,
20:00 - 21:00,,,,,,
SALA 206  E1 - Bancada - 1o. Semestre 2024,,,,,,
Capacidade: 30 alunos,,,,,,
Horário,SEGUNDA,TERÇA,QUARTA,QUINTA,SEXTA,SÁBADO
07:00 - 08:00,,,,,,
08:00 - 09:00,,,,,,
09:00 - 10:00,,,,,,
10:00 - 11:00,,,Estruturas de Dados I Prof.,Paradigmas de Ling. de Programação Prof.,,
11:00 - 12:00,,,,,,
12:00 - 13:00,,,,,,
13:00 - 14:00,,,,,,
14:00 - 15:00,,,,Eng. De Soware Prof.,,
15:00 - 16:00,,,,,,
16:00 - 17:00,,,,,,
17:00 - 18:00,,,,,,
18:00 - 19:00,,,,,,
19:00 - 20:00,,,,,,
20:00 - 21:00,,,,,,
SALA 217 E1 - Sala de Desenho - 1o. Semestre 2024,,,,,,
Capacidade: 30 alunos,,,,,,
Horário,SEGUNDA,TERÇA,QUARTA,QUINTA,SEXTA,SÁBADO
07:00 - 08:00,,,,,,
08:00 - 09:00,,,,,,
09:00 - 10:00,,,,,,
10:00 - 11:00,,,,,,
11:00 - 12:00,,,,,,
12:00 - 13:00,,,,,,
13:00 - 14:00,,,,,,
14:00 - 15:00,,,,,,
15:00 - 16:00,,,,,,
16:00 - 17:00,,,,,,
17:00 - 18:00,,,,,,
18:00 - 19:00,,,,,,
19:00 - 20:00,,,,,,
20:00 - 21:00,,,,,,
SALA 211  E1 - 1o. Semestre 2024,,,,,,
Capacidade: 35 alunos,,,,,,
Horário,SEGUNDA,TERÇA,QUARTA,QUINTA,SEXTA,SÁBADO
07:00 - 08:00,,,,,,
08:00 - 09:00,Fundações e Contenções Prof. Paulo Maia,,,,,
09:00 - 10:00,,Contenções,"Energia, ambiente",Ensaios não destruvos em,,
10:00 - 11:00,Matérias Jurídicas: Resp. Civil Prof. Dylmar,Fadiga Prof. E. Atem,,e sociedade: desafios...,concreto Prof. Rancés,
11:00 - 12:00,,Prof. Marcelo Sthel,,,,
12:00 - 13:00,,,,,,
13:00 - 14:00,,,,,,
14:00 - 15:00,,Concreto Armado II Prof. Sergio Garcia,Método Cienfico e Éca na pesquisa Prof. Juraci,Concreto Armado II,Organização das Indústrias,
15:00 - 16:00,,,,,,
16:00 - 17:00,Química Analíca Profa. Cibele,Fundição Prof. Terrones,Materiais compósitos reforçados... Prof. Felipe,,,
17:00 - 18:00,,,,,,
18:00 - 19:00,,,,,,
19:00 - 20:00,,,,,,
20:00 - 21:00,,,,,,
SALA 219  E1 - 1o. Semestre 2024,,,,,,
Capacidade: 35 alunos,,,,,,
Horário,SEGUNDA,TERÇA,QUARTA,QUINTA,SEXTA,SÁBADO
07:00 - 08:00,,,,,,
08:00 - 09:00,Mecânica dos Solos I Prof. Tibana,Química Orgânica Avançada Prof. Edmilson,Mecânica dos Solos I Prof. Tibana,,,
09:00 - 10:00,,Tópicos Especiais em,,,,
10:00 - 11:00,,Química,Hidráulica Prof. Gustavo,Tratamentos,,
11:00 - 12:00,,Mecânica dos solos não ... Prof. Rodrigo,Prof. Edmilson,,Prof. Noam,
12:00 - 13:00,,,,,,
13:00 - 14:00,,,,,,
14:00 - 15:00,,,Arquitetura e Urbanismo Prof.,"Geotecnia das Fundações Profs. P. Maia, J. Pessin",,
15:00 - 16:00,,,,,,
16:00 - 17:00,Hidráulica Prof. Gustavo,Patologia Prof. Dylmar,,Materiais para altas temperaturas,,
17:00 - 18:00,,,,,,
18:00 - 19:00,,Prof. Terrones,,,,
19:00 - 20:00,,,,,,
20:00 - 21:00,,,,,,
SALA 220  E1 - 1o. Semestre 2024,,,,,,
Capacidade: 35 alunos,,,,,,
Horário,SEGUNDA,TERÇA,QUARTA,QUINTA,SEXTA,SÁBADO
07:00 - 08:00,,,,,,
08:00 - 09:00,Mecânica dos solos avnaçada Prof. Saboya,Métodos de escrita e divulgação... Prof. Carlos,,"Empuxo de terra e Estabilidade Taludes Prof. P. Maia, Tibana",,
09:00 - 10:00,,,,,,
10:00 - 11:00,Estruturas de aço e madeiras Prof. Gines,Hidrologia e Recursos Hídricos Prof. Afonso,,Hidrologia e,Estruturas de,
11:00 - 12:00,Estruturas de,Prof. Afonso,Prof. Gines,,,
12:00 - 13:00,,,Prof. Niander,,,
13:00 - 14:00,,,,,,
14:00 - 15:00,Ulização de materiais superduros na Ciência e na Indústria Prof. Marcello,Topografia Prof.,Empreendedorismo Prof.,Topografia Prof.,,
15:00 - 16:00,,,,,,
16:00 - 17:00,,,,,,
17:00 - 18:00,,,,Éca Profissional Profa. Maria Alves,,
18:00 - 19:00,,,,,,
19:00 - 20:00,,,,,,
20:00 - 21:00,,,,,,
SALA 111  P5 - 1o. Semestre 2024,,,,,,
Capacidade: 24 alunos,,,,,,
Horário,SEGUNDA,TERÇA,QUARTA,QUINTA,SEXTA,SÁBADO
07:00 - 08:00,,,,,,
08:00 - 09:00,Caracterização de Materiais I Profa. Lioudmila,Percolação de Adensamento Prof. Tibana,,Int. processos Ind.,,
09:00 - 10:00,Aproveitamento de,Prof. Alexandre,,,,
10:00 - 11:00,Caracterização de Materiais I Prof. Felipe,Análise mulvariada de dados em C. N. Prof. Murilo,resíduos Ind. na ind. da Cerâmica Prof. C. Maurício,Top. Esp. Geot. Mecânica dos solos n-saturados Prof. Rodrigo,Int. processos Ind. Química. Prof. Alexandre,
11:00 - 12:00,,,,,,
12:00 - 13:00,,,,,,
13:00 - 14:00,,,,,,
14:00 - 15:00,,Admin. de operações e serviços Prof. Policani,Caracterização de Materiais I Profa. Lioudmila,Admin. de operações e serviços Prof. Policani,Higiene e segurança no trabalho Prof. Policani,
15:00 - 16:00,,,,,,
16:00 - 17:00,Matérias Jurídicas: Contratos Prof. Dylmar,,,,,
17:00 - 18:00,,,,,,
18:00 - 19:00,,Química Analíca II Profa. Cibele,,Química Analíca II Profa. Cibele,Estágio Supervisionado III Prof.,
19:00 - 20:00,,,,,,
20:00 - 21:00,,,,,,
SALA 112  P5 - 1o. Semestre 2024,,,,,,
Capacidade: 24 alunos,,,,,,
Horário,SEGUNDA,TERÇA,QUARTA,QUINTA,SEXTA,SÁBADO
07:00 - 08:00,,,,,,
08:00 - 09:00,,,,,,
09:00 - 10:00,Int. à Álgebra Linear profa. Elba,,,,"Números, Conjuntos",
10:00 - 11:00,Cinéca e cálculo Reatores Prof. Alexandre,compevidade Prof. Molina,Cinéca e cálculo Reatores Prof. Alexandre,e Funçoes Elementares Prof. Rigoberto,,
11:00 - 12:00,,,,,,
12:00 - 13:00,,,,,,
13:00 - 14:00,,,,,,
14:00 - 15:00,Fundamentos de Cálculo Prof. Nelson,,Fundamentos de,Liderança e Responsabilidade,,
15:00 - 16:00,Omização Estrutural,análise d e invesmentos Prof. Rodrigo,Social Prof.,Matemáca Discreta Prof. Rafael,,
16:00 - 17:00,,,,,,
17:00 - 18:00,Seminário Prof. Oscar,,,,,
18:00 - 19:00,Did. Ensino Matemáca Prof. Nilson,EDP Prof. Rigoberto,,EDP Prof. Rigoberto,Did. Ensino Matemáca Prof. Nilson,
19:00 - 20:00,,,,,,
20:00 - 21:00,Lab. Mat. II Prof. Nilson,,,,,
Sala 1 - P10 - 1o. Semestre 2024,,,,,,
Capacidade: 30 alunos,,,,,,
Horário,SEGUNDA,TERÇA,QUARTA,QUINTA,SEXTA,SÁBADO
07:00 - 08:00,,,,,,
08:00 - 09:00,,,,,,
09:00 - 10:00,,,,,,
10:00 - 11:00,,Eng. De Métodos Prof. Rodrigo,,Eng. De Métodos Prof. Rodrigo,,
11:00 - 12:00,,,,,,
12:00 - 13:00,,,,,,
13:00 - 14:00,,,,,,
14:00 - 15:00,Sistemas de Informação Prof. Carlos Leonardo,,,,,
15:00 - 16:00,,,,,,
16:00 - 17:00,,,,,,
17:00 - 18:00,,,,,,
18:00 - 19:00,,,,,,
19:00 - 20:00,,,,,,
20:00 - 21:00,,,,,,
Sala 2 - P10 - 1o. Semestre 2024,,,,,,
Capacidade: 30 alunos,,,,,,
Horário,SEGUNDA,TERÇA,QUARTA,QUINTA,SEXTA,SÁBADO
07:00 - 08:00,,,,,,
08:00 - 09:00,,,,,,
09:00 - 10:00,,,,,,
10:00 - 11:00,,,,,,
11:00 - 12:00,,,,,,
12:00 - 13:00,,,,,,
13:00 - 14:00,,,,,,
14:00 - 15:00,Simulação Industrial Profa. Jacqueline,,,,,
15:00 - 16:00,,,,,,
16:00 - 17:00,,,,,,
17:00 - 18:00,,,,,,
18:00 - 19:00,,,,,,
19:00 - 20:00,,,,,,
20:00 - 21:00,,,,,,
Sala 3 - P10 - 1o. Semestre 2024,,,,,,
Capacidade: 30 alunos,,,,,,
Horário,SEGUNDA,TERÇA,QUARTA,QUINTA,SEXTA,SÁBADO
07:00 - 08:00,,,,,,
08:00 - 09:00,,,,,,
09:00 - 10:00,,,,,,
10:00 - 11:00,,,,,,
11:00 - 12:00,,,,,,
12:00 - 13:00,,,,,,
13:00 - 14:00,,,,,,
14:00 - 15:00,Metaheuríscas aplic. à omização Prof. Diego,,Metaheuríscas aplic. à omização Prof. Diego,,,
15:00 - 16:00,,,,,,
16:00 - 17:00,,,,,,
17:00 - 18:00,,,,,,
18:00 - 19:00,,,,,,
19:00 - 20:00,,,,,,
20:00 - 21:00,,,,,,
Bancada do CCT - 1o. Semestre 2024,,,,,,
Capacidade: 30 alunos,,,,,,
Horário,SEGUNDA,TERÇA,QUARTA,QUINTA,SEXTA,SÁBADO
07:00 - 08:00,,,,,,
08:00 - 09:00,,,,,,
09:00 - 10:00,,,,,,
10:00 - 11:00,Computação para Eng. De Produção Prof. Zeferino,FCC Prof.,Computação para Eng. De Produção Prof. Zeferino,FCC Prof.,,
11:00 - 12:00,,,,,,
12:00 - 13:00,,,,,,
13:00 - 14:00,,,,,,
14:00 - 15:00,,FCC Prof.,,FCC Prof.,,
15:00 - 16:00,,,,,,
16:00 - 17:00,Banco de dados I Prof. L. Mariano,Programação Profa. Annabell,Banco de dados I Prof. L. Mariano,Programação Profa. Annabell,,
17:00 - 18:00,,,,,,
18:00 - 19:00,,,,,,
19:00 - 20:00,,,,,,
20:00 - 21:00,,,,,,
