duration,startHour,day,year,semester,expectedSemester,subject,professor,expectedDemand,room,classDescription
2,8,TER,2024,1,1,Calculo I,Rigoberto,35,,
2,8,TER,2024,1,3,Calculo III,Oscar,15,,
2,8,TER,2024,1,5,P Estocáticos,Guill,10,Inf2,
2,8,QUA,2024,1,1,Introd à CC,Rivera,27,sala,
2,8,QUA,2024,1,3,Arquitet C,Bolsista,30,,
2,8,QUI,2024,1,1,Calculo I,,,,
2,8,QUI,2024,1,3,Calculo III,Oscar,15,,
2,8,QUI,2024,1,5,P Estocáticos,Guill,10,Inf2,
2,8,SEX,2024,1,1,Calculo I,,,,
2,8,SEX,2024,1,3,Arquitet C,Bolsista,30,,
2,10,SEG,2024,1,3,Est Dados I,Tang,25,Bcct,
2,10,SEG,2024,1,5,Redes de Comp,João,30,sala,
2,10,SEG,2024,1,9,Algoritmos em Grafos,L Mariano,,Inf1,
2,10,TER,2024,1,3,Paradig LP,Ausb,25,Inf2,
2,10,TER,2024,1,5,L Formais,Annabell,20,sala,
2,10,TER,2024,1,7,Interface HM,Rivera,10,inf1,
2,10,QUA,2024,1,1,Org Comp,Bolsista,27,,
2,10,QUA,2024,1,3,Est Dados I,Tang,25,Bcct,
2,10,QUA,2024,1,5,Redes de Comp,João,30,sala,
2,10,QUA,2024,1,9,Algoritmos em Grafos,L Mariano,,Inf1,
2,10,QUI,2024,1,3,Paradig LP,Ausb,25,Inf2,
2,10,QUI,2024,1,5,L Formais,Annabell,20,sala,
2,10,QUI,2024,1,7,Interface HM,Rivera,10,inf1,
2,10,SEX,2024,1,1,Org Comp,Bolsista,27,,
2,10,SEX,2024,1,5,Computação e Sociedade,Bolsista,30,,
2,10,SEX,2024,1,9,Proj Monografia,Rivera,3,Inf1,
2,14,SEG,2024,1,1,Lógica Mat,Tang,30,,
2,14,SEG,2024,1,3,Método Mat,Beggio,25,,
2,14,SEG,2024,1,2,Fisica I,,,,B
2,14,SEG,2024,1,3,Fisica II,,,,A
2,14,SEG,2024,1,3,Fisica Experimental II,,,,C
2,14,SEG,2024,1,7,Sistemas Distribuidos,João,6,Inf1,
2,14,TER,2024,1,1,Geo Analit,Elba,35,,
2,14,TER,2024,1,5,Eng Software,Ausb,28,Bcct,
2,14,TER,2024,1,7,Proc Imagens,Rivera,5,inf1,
2,14,QUA,2024,1,1,Lógica Mat,Tang,30,,
2,14,QUA,2024,1,3,Método Mat,Beggio,25,,
2,14,QUA,2024,1,2,Fisica I,,,,B
2,14,QUA,2024,1,3,Fisica II,,,,A
2,14,QUA,2024,1,7,Sistemas Distribuidos,João,6,Inf1,
2,14,QUI,2024,1,1,Geo Analit,Elba,35,,
2,14,QUI,2024,1,5,Eng Software,Ausb,28,Bcct,
2,14,QUI,2024,1,7,Proc Imagens,Rivera,5,inf1,
2,14,SEX,2024,1,1,Inglês Instrumental,,,,
2,14,SEX,2024,1,10,Estágio Sup,Tang,,Inf1,
2,16,SEG,2024,1,3,Fisica Experimental II,,,,A
2,16,SEG,2024,1,5,BD I,L Mariano,27,Bcct,
2,16,SEG,2024,1,7,Teste Software,,,Inf1,
2,16,TER,2024,1,1,Prog I,Annabell,27,Bcct,
2,16,TER,2024,1,7,Metodologia,Molina,,,
2,16,QUA,2024,1,3,Fisica II,,5,,C
2,16,QUA,2024,1,5,BD I,L Mariano,27,Bcct,
2,16,QUA,2024,1,7,Teste Software,,,Inf1,
2,16,QUI,2024,1,1,Prog I,Annabell,27,Bcct,
2,16,QUI,2024,1,7,Metodologia,Molina,,,
2,16,QUI,2024,1,9,Algoritmos em Grafos,L Mariano,,Inf1,
2,16,SEX,2024,1,1,Inglês Instrumental I,,,,
2,16,SEX,2024,1,10,Monografia,Tang,,Inf1,
2,18,SEG,2024,1,3,Fisica Experimental II,,,,B
2,8,SEG,2023,2,2,Est Discretas,Oscar,,106cct,
2,8,TER,2023,2,2,Calculo II,Rigoberto,,106cct,
2,8,TER,2023,2,6,Int Artificial,Annabell,,Inf1,
2,8,QUA,2023,2,2,Est Discretas,Oscar,,106cct,
2,8,QUI,2023,2,2,Calculo II,Rigoberto,,106cct,
2,8,QUI,2023,2,6,Int Artificial,Annabell,,Inf1,
2,8,QUI,2023,2,6,Int Comp Grafic,,3,Inf2,
2,8,SEX,2023,2,2,Inglês Instrumental II,,,,B
2,8,SEX,2023,2,5,Comp e Socied,,23,107,
2,10,SEG,2023,2,4,Estruturas Dados II,Tang,,,
2,10,SEG,2023,2,6,B Dados II,L Mariano,,,
2,10,TER,2023,2,1,Calculo I,,,106cct,
2,10,TER,2023,2,4,Analise Proj Sist,Ausb,,109A,
2,10,TER,2023,2,4,Intr Prob e Estatística,Arica,,,
2,10,TER,2023,2,8,Eng de Dados,Annabell,,,
2,10,QUA,2023,2,4,Estruturas Dados II,,26,109A,
2,10,QUA,2023,2,6,B Dados II,,11,Inf1,
2,10,QUA,2023,2,9,Proj Monografia,Rivera,,Inf2,
2,10,QUI,2023,2,1,Calculo I,,,106cct,
2,10,QUI,2023,2,4,Analise Proj Sist,,,Inf1 e Inf2,
2,10,QUI,2023,2,8,Eng de Dados,Annabell,,,
2,10,SEX,2023,2,1,Calculo I,,,106cct,
2,10,SEX,2023,2,2,Inglês Instrumental II,,,,B
2,10,SEX,2023,2,4,Int Prob Estatístic,,10,107,
2,13,SEX,2023,2,1,Inglês Instrumental I,,,,L
2,14,SEG,2023,2,4,Calc Numérico,Oscar,,108cct,
2,14,SEG,2023,2,6,Pesq Operacional,Tang,,Inf1,
2,14,SEG,2023,2,8,Prog Concorrente,L Mariano,,,
2,14,TER,2023,2,2,Algebra Linear,Elba,,106cct,
2,14,TER,2023,2,4,Prog OO,Annabell,,111P5,
2,14,TER,2023,2,6,Par OO Desenv,Ausb,,Inf1,
2,14,QUA,2023,2,2,Lógica Digital,Andre,,109A,
2,14,QUA,2023,2,4,Calc Numérico,Oscar,,108cct,
2,14,QUA,2023,2,6,Pesq Operacional,Tang,,Inf1,
2,14,QUA,2023,2,8,Prog Concorrente,,,Inf2,
2,14,QUI,2023,2,2,Algebra Linear,Elba,,106cct,
2,14,QUI,2023,2,4,Prog OO,Annabell,,111P5,
2,14,QUI,2023,2,6,Par OO Desenv,Ausb,,Inf1,
2,14,SEX,2023,2,1,Inglês Instrumental I,,,,L
2,14,SEX,2023,2,2,Lógica Digital,Andre,,109A,
2,14,SEX,2023,2,10,Estágio Sup,Tang,,,
2,16,SEG,2023,2,2,Fisica 1,,,106 e 109B,A e B
2,16,SEG,2023,2,6,Int Comp Grafica,Rivera,,Inf2,
2,16,SEG,2023,2,8,Comp Ambiental,Eduardo,,,
2,16,TER,2023,2,2,Programação II,Rivera,,206cct,
2,16,TER,2023,2,4,Sist Operacional,Eduardo,,,
2,16,TER,2023,2,6,Compiladores,L Mariano,,,
2,16,QUA,2023,2,2,Fisica 1,,,106 e 109B,A e B
2,16,QUA,2023,2,2,Programação II,,,Ban cct,CC2
2,16,QUA,2023,2,8,Comp Ambiental,,,Inf1,
2,16,QUI,2023,2,2,Programação II,,,Ban cct,CC1
2,16,QUI,2023,2,4,Sist Operacional,,,108cct,
2,16,QUI,2023,2,6,Compiladores,,,Inf1,
2,16,SEX,2023,2,1,Inglês Instrumental I,,,,L
2,16,SEX,2023,2,10,Monografia,Tang,,,
2,18,QUA,2023,2,2,Fisica Experimen 1,,,205cct,E
2,20,SEG,2023,2,2,Fisica Experimen 1,,,205cct,LI
2,8,SEG,2023,1,1,Lógica Mat,Tang,40,207P3,
2,8,SEG,2023,1,3,Arquitet C,Sanya,45,106P3,
2,8,SEG,2023,1,7,Segurança Com,Ausb,10,inf2,
2,8,TER,2023,1,1,Calculo I,Rigob,40,108P3,
2,8,TER,2023,1,3,Calculo III,Oscar,12,106P3,
2,8,TER,2023,1,5,P Estocáticos,Guill,11,inf2,
2,8,QUA,2023,1,1,Lógica Mat,Tang,40,207P3,
2,8,QUA,2023,1,3,Arquitet C,Sanya,45,106P3,
2,8,QUA,2023,1,7,Segurança Com,Ausb,10,inf2,
2,8,QUI,2023,1,1,Calculo I,Rigob,40,108P3,
2,8,QUI,2023,1,3,Calculo III,Oscar,60,106P3,
2,8,QUI,2023,1,5,P Estocáticos,Guillermo,11,,
2,8,SEX,2023,1,1,Calculo I,Rigob,40,108P3,
2,8,SEX,2023,1,7,Interface HM,Rivera,12,inf1,
2,10,SEG,2023,1,1,Org Comp,Sanya,35,205_E1,
2,10,SEG,2023,1,3,Est Dados I,Tang,45,106P3,
2,10,SEG,2023,1,5,L Formais,Annabell,10,inf1,
2,10,SEG,2023,1,7,Teste Software,João,8,inf1,
2,10,TER,2023,1,1,Prog I,Annabell,45,106P3,
2,10,TER,2023,1,7,Interface HM,Rivera,12,inf1,
2,10,QUA,2023,1,1,Prog I,L Mariano,25,P3,B_R
2,10,QUA,2023,1,3,Est Dados I,Tang,45,106P3,
2,10,QUA,2023,1,5,L Formais,Annabell,10,inf1,
2,10,QUA,2023,1,7,Teste Software,João,8,inf1,
2,10,QUI,2023,1,1,Org Comp,Sanya,35,205_E1,
2,10,QUI,2023,1,8,Empreendedorismo,,,109A,
2,10,SEX,2023,1,1,Prog I,Annabell,25,BanP3,C
2,10,SEX,2023,1,3,Est Dados I,Tang,16,inf2,CC1
2,10,SEX,2023,1,9,Proj Monografia,Rivera,3,Inf1,
2,14,SEG,2023,1,3,Método Mat,Beggio,13,106P3,
2,14,SEG,2023,1,3,Fisica I,,4,,B
2,14,SEG,2023,1,3,Fisica Experimental II,,,,C
2,14,SEG,2023,1,4,C Numérico,Oscar,30,108P3,
2,14,TER,2023,1,1,Geo Analit,Elba,60,106P3,
2,14,TER,2023,1,3,Paradig LP,Ausb,35,BanP3,
2,14,TER,2023,1,7,Proc Imagens,Rivera,5,inf1,
2,14,QUA,2023,1,3,Método Mat,Beggio,13,106P3,
2,14,QUA,2023,1,3,Fisica I,,4,,B
2,14,QUA,2023,1,4,C Numérico,Oscar,30,108P3,
2,14,QUI,2023,1,1,Geo Analit,Elba,60,106P3,
2,14,QUI,2023,1,3,Paradig LP,Ausb,35,BanP3,
2,14,QUI,2023,1,7,Proc Imagens,Rivera,5,inf1,
2,14,SEX,2023,1,1,Inglês Instrumental I,,,,
2,14,SEX,2023,1,10,Estágio Sup,Tang,,Inf1,
2,16,SEG,2023,1,3,Fisica II,,5,,C
2,16,SEG,2023,1,5,Redes de Comp,João,6,Inf1,
2,16,TER,2023,1,3,Est Dados I CC1,Tang,16,inf2,
2,16,TER,2023,1,5,BD I,L Mariano,13,inf1,
2,16,TER,2023,1,7,Metodologia,Molina,,105P3,
2,16,QUA,2023,1,1,Introd à CC,Rivera,35,109A,
2,16,QUA,2023,1,3,Fisica II,,5,,C
2,16,QUA,2023,1,5,Redes de Comp,João,6,Inf1,
2,16,QUI,2023,1,3,Fisica Experimental II,,,,C
2,16,QUI,2023,1,5,BD I,L Mariano,13,inf1,
2,16,QUI,2023,1,7,Metodologia,Molina,,,
2,16,SEX,2023,1,1,Inglês Instrumental I,,,,
2,16,SEX,2023,1,10,Monografia,Tang,,Inf1,
2,18,SEG,2023,1,2,Fisica Experimental I,,5,,C
2,18,SEG,2023,1,3,Fisica Experimental II,,3,,A
2,8,SEG,2022,2,2,Est Discretas,Guillermo,40,,
2,8,SEG,2022,2,8,Heurísticas,Tang,9,,
2,8,TER,2022,2,2,Calculo II,Oscar,25,,
2,8,TER,2022,2,6,Int Artificial,Annabell,12,,
2,8,QUA,2022,2,2,Est Discretas,Guillermo,40,,
2,8,QUA,2022,2,7,Sist Distribuidos,João,20,,
2,8,QUI,2022,2,2,Calculo II,Oscar,25,,
2,8,QUI,2022,2,6,Int Artificial,Annabell,12,,
2,8,QUI,2022,2,7,Teste Software,Bolsista,7,,
2,8,SEX,2022,2,2,Inglês II,Bolsista,24,,
2,8,SEX,2022,2,5,Comp e Socied,Bolsista,14,,
2,8,SEX,2022,2,7,Sist Distribuidos,João,20,,
2,10,SEG,2022,2,2,Fisica Geral I,,21,,
2,10,SEG,2022,2,6,Pesquisa Operacional,Tang,3,,
2,10,TER,2022,2,1,Calculo I,Bruna,9,,
2,10,TER,2022,2,3,Paradigmas Ling,Ausb,10,,
2,10,TER,2022,2,6,Compiladores,Bolsista,14,,
2,10,QUA,2022,2,2,Fisica Geral I,,21,,
2,10,QUA,2022,2,4,Sist Operacional,João,10,,
2,10,QUA,2022,2,6,Pesquisa Operacional,Tang,3,,
2,10,QUI,2022,2,2,Calculo II,Oscar,20,,
2,10,SEX,2022,2,1,Calculo I,Bruna,9,,
2,10,SEX,2022,2,2,Inglês II,Bolsista,24,,
2,10,SEX,2022,2,4,Sist Operacional,João,10,,
2,10,SEX,2022,2,6,Par OO Desenv,Ausb,10,,
2,10,SEX,2022,2,9,Projeto Monografia,Rivera,,,
2,11,QUI,2022,2,1,Calculo I,Bruna,9,,
2,11,QUI,2022,2,3,Paradigmas Ling,Ausb,10,,
2,11,QUI,2022,2,6,Compiladores,Bolsista,14,,
2,12,QUI,2022,2,1,Calculo I,Bruna,9,,
2,14,SEG,2022,2,4,Calculo Numérico,Wilma,3,,
2,14,SEG,2022,2,8,Proc Imagens,Rivera,8,,
2,14,TER,2022,2,2,Algebra Linear,Elba,28,,
2,14,TER,2022,2,4,Prog OO,Annabell,12,,
2,14,TER,2022,2,6,Par OO Desenv,Ausb,10,,
2,14,TER,2022,2,7,Teste Software,Bolsista,7,,
2,14,QUA,2022,2,2,Lógica Digital,Sânya,35,,
2,14,QUA,2022,2,4,Calculo Numérico,Wilma,3,,
2,14,QUA,2022,2,8,Proc Imagens,Rivera,8,,
2,14,QUI,2022,2,2,Algebra Linear,Elba,28,,
2,14,QUI,2022,2,4,Prog OO,Annabell,12,,
2,14,QUI,2022,2,8,Heurísticas,Tang,9,,
2,14,SEX,2022,2,2,Lógica Digital,Sânya,35,,
2,14,SEX,2022,2,10,Estágio Sup,Tang,,,
2,16,SEG,2022,2,1,Calculo I,Niander,6,,
2,16,SEG,2022,2,2,Programação II,Rivera,37,,
2,16,SEG,2022,2,4,Estruturas Dados II,Tang,14,,
2,16,TER,2022,2,1,Calculo I,Niander,6,,
2,16,TER,2022,2,2,Programação II,Rivera,37,,
2,16,TER,2022,2,3,Mét Matemáticos,Rebec,15,,
2,16,QUA,2022,2,2,Programação II,Rivera,37,,
2,16,QUA,2022,2,4,Estruturas Dados II,Tang,14,,
2,16,QUA,2022,2,6,Banco de Dados II,Sânya,13,,
2,16,QUI,2022,2,1,Calculo I,Niander,6,,
2,16,QUI,2022,2,3,Mét Matemáticos,Rebec,15,,
2,16,SEX,2022,2,6,Banco de Dados II,Sânya,13,,
2,16,SEX,2022,2,10,Monografia,Tang,,,
2,18,SEG,2022,2,4,Estatística e Prob,Nelson,12,,
2,18,QUA,2022,2,4,Estatística e Prob,Nelson,12,,
2,18,QUI,2022,2,2,Lab Fisica Geral I,,15,,
2,8,SEG,2022,1,1,Org de Comp,João,,,
2,8,SEG,2022,1,5,Linguagens Formais,,,,
2,8,TER,2022,1,1,Calculo I,Oscar,,,
2,8,TER,2022,1,5,Proc Estocáticos,Guillermo,,,
2,8,QUA,2022,1,1,Introdução à CC,Rivera,,,
2,8,QUA,2022,1,3,Calculo III,Rigoberto,,,
2,8,QUA,2022,1,7,Eng Apoiada Comp,L Maur,,,
2,8,QUI,2022,1,1,Calculo I,Oscar,,,
2,8,QUI,2022,1,5,Proc Estocáticos,Guillermo,,,
2,8,SEX,2022,1,1,Calculo I,Oscar,,,
2,8,SEX,2022,1,2,Inglês Instrumental II,,,,
2,8,SEX,2022,1,5,Linguagens Formais,,,,
2,10,SEG,2022,1,1,Lógica Mat,Tang,,AuditP5,
2,10,SEG,2022,1,4,Cálc Núm,Elba,,Apitão,
2,10,SEG,2022,1,5,Redes de Comp,João,,,
2,10,TER,2022,1,2,Calculo II,Paulo D,,Apitão,
2,10,TER,2022,1,4,Probabilidades,Gudelia,,,
2,10,TER,2022,1,7,Interface Hom Maq,Rivera,,,
2,10,TER,2022,1,7,Eng Apoiada Comp,L Maur,,,
2,10,QUA,2022,1,1,Lógica Mat,Tang,,Audit P5,
2,10,QUA,2022,1,2,Estruturas Discret,Oscar,,,
2,10,QUA,2022,1,4,Cálc Núm,Elba,,Apitão,
2,10,QUA,2022,1,6,Comput Gráfica,Rivera,,,
2,10,QUI,2022,1,2,Calculo II,Paulo D ,,,
2,10,QUI,2022,1,5,Redes de Comp,João,,,
2,10,QUI,2022,1,7,Interface Hom Maq,Rivera,,,
2,10,SEX,2022,1,1,Org de Comp,João,,,
2,10,SEX,2022,1,2,Inglês Instrumental II,,,,
2,10,SEX,2022,1,4,Probabilidades,Gudelia,,,
2,14,SEG,2022,1,2,Estruturas Discret,Oscar,,,
2,14,SEG,2022,1,3,Método Mat,Beggio,,Apitão,
2,14,SEG,2022,1,5,Engenharia de Software,,,,
2,14,SEG,2022,1,6,Comput Gráfica,Rivera,,,
2,14,TER,2022,1,1,Geo Analit,Nelson,,Audit P5,
2,14,TER,2022,1,2,Algebra Linear,Elba,,Apitão,
2,14,TER,2022,1,4,Análi Proj Sist,Ausberto,,,
2,14,QUA,2022,1,2,Lógica Digital,Sânya,,,
2,14,QUA,2022,1,3,Método Mat,Beggio,,Apitão,
2,14,QUA,2022,1,5,Engenharia de Software,,,,
2,14,QUA,2022,1,8,Empreendedorismo,Edson,,,
2,14,QUI,2022,1,1,Geometria Analít,Nelson,,,
2,14,QUI,2022,1,2,Algebra Linear,Elba,,,
2,14,QUI,2022,1,4,Análi Proj Sist,Ausberto,,,
2,14,SEX,2022,1,1,Inglês Instrumental I,,,,
2,14,SEX,2022,1,2,Lógica Digital,Sânya,,,
2,14,SEX,2022,1,3,Calculo III,Rigoberto,,,
2,14,SEX,2022,1,10,Estágio Sup,Tang,,,
2,16,SEG,2022,1,2,Fisica Geral I,,,,
2,16,SEG,2022,1,3,Estruturas Dados I,Tang,,,
2,16,SEG,2022,1,6,Banco de Dados II,Annabell,,,
2,16,TER,2022,1,1,Prog I,Annabell,,Audit P5,
2,16,TER,2022,1,6,Paradigma OO,Ausberto,,,
2,16,TER,2022,1,7,Metodologia,Molina,,,
2,16,QUA,2022,1,2,Fisica Geral I,,,,
2,16,QUA,2022,1,3,Estruturas Dados I,Tang,,,
2,16,QUA,2022,1,5,Banco de Dados I,Sânya,,,
2,16,QUI,2022,1,1,Programação I,Annabell,,,
2,16,QUI,2022,1,6,Paradigma OO,Ausberto,,,
2,16,QUI,2022,1,7,Metodologia,Molina,,,
2,16,SEX,2022,1,1,Inglês Instrumental I,,,,
2,16,SEX,2022,1,5,Banco de Dados I,Sânya,,,
2,16,SEX,2022,1,10,Monografia,Tang,,,
2,18,SEG,2022,1,6,Banco de Dados II,Annabell,,,
2,18,TER,2022,1,3,Fisica Geral II,,,,
2,18,QUA,2022,1,3,Arquitetura,Átila,,,
2,18,QUI,2022,1,3,Fisica Geral II,,,,
2,18,SEX,2022,1,3,Arquitetura,Átila,,,
2,8,SEG,2020,1,5,Computação e Sociedade,,,,
2,8,SEG,2020,1,9,Heurísticas e Complexidade,Tang,,B2 P5,
2,8,TER,2020,1,1,Calculo I,Oscar,,207CCT,C
2,8,TER,2020,1,3,Calculo III,Rigoberto,,206CCT,
2,8,TER,2020,1,5,P Estocas,L Guill,,104CCT,
2,8,TER,2020,1,9,Proc Imagens,Riv,,105CCT,
2,8,QUA,2020,1,1,Int Ciênc Comp,Riv,,infcct,
2,8,QUA,2020,1,9,Heurísticas e Complexidade,Tang,,B2 P5,
2,8,QUI,2020,1,1,Calculo I,Oscar,,207CCT,C
2,8,QUI,2020,1,3,Calculo III,Rigoberto,,206CCT,
2,8,QUI,2020,1,5,P Estocas,L Guill,,104CCT,
2,8,QUI,2020,1,9,Proc Imagens,Riv,,105CCT,
2,8,SEX,2020,1,1,Calculo I,Oscar,,207CCT,C
2,10,SEG,2020,1,3,Fisica 2,,,,
2,10,SEG,2020,1,4,Estat e Prob,Oscar,,105CCT,
2,10,SEG,2020,1,5,Banco Dados 1,Luiz M,,108CCT,
2,10,SEG,2020,1,7,Int Homem Máq,Riv,,B1 P5,
2,10,TER,2020,1,3,Paradigmas,Ausb,,B1 P5,
2,10,TER,2020,1,10,Estágio Sup,Tang,,p5 119,
2,10,QUA,2020,1,3,Fisica 2,,,,
2,10,QUA,2020,1,4,Estat e Prob,Oscar,,105CCT,
2,10,QUA,2020,1,7,Int Homem Máq,Riv,,B1 P5,
2,10,QUI,2020,1,3,Paradigmas,Ausb,,B1 P5,
2,10,QUI,2020,1,5,Banco Dados 1,Luiz M,,108CCT,
2,10,QUI,2020,1,10,Monografia,Tang,,116 P5,
2,10,SEX,2020,1,9,Projeto Monog,Riv,,116 P5,
2,14,SEG,2020,1,1,Programação 1,Annab,,BCCT,
2,14,SEG,2020,1,3,Métodos Mat,P Dias,,106CCT,
2,14,SEG,2020,1,5,Redes de Comp,,,B1 P5,
2,14,SEG,2020,1,7,Test de Soft,,,B2,
2,14,TER,2020,1,1,Geom Analít,Elba,,109BCCT ,
2,14,TER,2020,1,3,Arquitet Comp,,,B2,
2,14,TER,2020,1,5,Eng Software,Ausb,,B1 P5 ,
2,14,TER,2020,1,8,Empreend,Edson,,220 E1,
2,14,QUA,2020,1,1,Programação 1,Annab,,BCCT,
2,14,QUA,2020,1,3,Métodos Mat,P Dias,,106CCT,
2,14,QUA,2020,1,5,Redes de Comp,,,B1 P5,
2,14,QUA,2020,1,7,Test de Soft,,,B2 P5,
2,14,QUI,2020,1,1,Geom Analít,Elba,,109BCCT,
2,14,QUI,2020,1,3,Arquitet Comp,,,B2,
2,14,QUI,2020,1,5,Eng Software,Ausb,,B1 P5,
2,14,SEX,2020,1,1,Inglês I,Carlos,,113 E1 ,
2,14,SEX,2020,1,2,Inglês II,,,,
2,16,SEG,2020,1,1,Lógica Mat,Tang,,108CCT ,
2,16,SEG,2020,1,3,Lab Física geral 2,,,,A
2,16,SEG,2020,1,5,Ling Formais,Annab,,208CCT ,
2,16,SEG,2020,1,7,Sists Distrib,,,B1 P5,
2,16,TER,2020,1,1,Org Comp,Annab,,109A CCT ,
2,16,TER,2020,1,3,Estr Dados 1,Tang,,112 P5,
2,16,TER,2020,1,7,Met Trab C,Molina,,206 CCT,
2,16,QUA,2020,1,1,Lógica Mat,Tang,,108CCT ,
2,16,QUA,2020,1,3,Lab Física geral 2,,,,D
2,16,QUA,2020,1,5,Ling Formais,Annab,,208CCT ,
2,16,QUA,2020,1,7,Sists Distrib,,,B1 P5,
2,16,QUI,2020,1,1,Org Comp,Annab,,109A CCT,
2,16,QUI,2020,1,3,Estr Dados 1,Tang,,111 P5,
2,16,QUI,2020,1,7,Met Trab C,Molina,,206CCT,
2,16,SEX,2020,1,1,Inglês I,Carlos,,113 E1,
2,16,SEX,2020,1,2,Inglês II,,,,
2,18,SEG,2020,1,3,Lab Física geral 2,,,,B
2,18,TER,2020,1,3,Lab Física geral 2,,,,C
2,18,QUA,2020,1,3,Lab Física geral 2,,,,E
2,8,SEG,2019,2,2,Est Discretas,Oscar,,CCT 108,
2,8,SEG,2019,2,6,Banco de dados 2,LM,,Binf2,
2,8,TER,2019,2,2,Calculo Dif e Int 2,,,,Eng e Comp
2,8,TER,2019,2,4,Sis Operacional,João,,BInf2,
2,8,TER,2019,2,6,Int Comp Grafica,Riv,,BInf1,
2,8,QUA,2019,2,2,Est Discretas,Oscar,,CCT,
2,8,QUI,2019,2,2,Calculo Dif e Int 2,,,,Eng e Comp
2,8,QUI,2019,2,4,Sis Operacional,João,,BInf2,
2,8,QUI,2019,2,6,Int Comp Grafica,,,,
2,8,SEX,2019,2,2,Programaçao 2,LM,,infCCT,
2,8,SEX,2019,2,10,Monografia,Tang,,116p5,
2,10,SEG,2019,2,2,Lab Fisica geral I,,,,*
2,10,SEG,2019,2,3,Fisica Geral II,,,,FF*
2,10,SEG,2019,2,6,Banco de dados 2,LM,,BInf2,
2,10,SEG,2019,2,8,Ger de Redes,Alvaro,,Binf1,
2,10,TER,2019,2,4,Calculo III,Oscar,,,
2,10,TER,2019,2,6,Compiladores,João,,BInf2,
2,10,TER,2019,2,8,Ger de Redes,Alvaro,,Binf1,
2,10,QUA,2019,2,3,Fisica Geral II,,,,
2,10,QUI,2019,2,2,Calculo Dif e Int 2,,,,Eng e Comp
2,10,QUI,2019,2,4,Calculo III,Oscar,,,
2,10,SEX,2019,2,2,Programação 2,LM,,infCCT,
2,10,SEX,2019,2,9,Proj de Monografia,Riv,,BInf1,
2,10,SEX,2019,2,10,Estagio S,Ausb,,116p5,
2,11,QUI,2019,2,6,Compiladores,João,,BInf2,
2,14,SEG,2019,2,2,Lógica Digital,Átila,,CCT 206,
2,14,SEG,2019,2,4,Cálc Numérico,,,,Eng e Comp
2,14,SEG,2019,2,6,lntelig Artificial,Anna,,BInf1,
2,14,TER,2019,2,2,Álgeb Linear,Elba,,,
2,14,TER,2019,2,4,Estr de Dados 2,Tang,,BInf2,
2,14,TER,2019,2,6,Parad OO Des Soft,Aus,,BInf1,
2,14,QUA,2019,2,2,Lógica Digital,Átila,,CCT 206,
2,14,QUA,2019,2,4,Cálc Numérico,,,,Eng e Comp
2,14,QUA,2019,2,6,Intelig Artificial,Anna,,BInf1,
2,14,QUI,2019,2,2,Álgeb Linear,Elba,,,
2,14,QUI,2019,2,4,Estr de Dados 2,Tang,,BInf2,
2,14,QUI,2019,2,6,Parad OO Des Soft,Aus,,BInf1,
2,14,SEX,2019,2,8,Sistemas Intel,Anna,,BInf2,
2,16,SEG,2019,2,2,Programação 2,Riv,,infCCT,
2,16,SEG,2019,2,4,Prog Orient Objs,Anna,,BInf1,
2,16,SEG,2019,2,8,Top Microcontr,Átila,,BInf2,
2,16,TER,2019,2,2,Fisica Geral 1,,,,*
2,16,TER,2019,2,4,Análise Projeto,aus,,BInf1,
2,16,TER,2019,2,6,Pesq Operac,Tang,,CCT107,
2,16,QUA,2019,2,2,Programação 2,Riv,,infCCT,
2,16,QUA,2019,2,4,Prog Orient Objs,Anna,,BInf1,
2,16,QUA,2019,2,8,Top Microcontr,Átila,,BInf2,
2,16,QUI,2019,2,2,Fisica Geral 1,,,,*
2,16,QUI,2019,2,4,Análise e Projeto,aus,,BInf1,
2,16,QUI,2019,2,6,Pesq Operac,Tang,,CCT107,
2,18,SEG,2019,2,4,Prob e Estatistica,,,,mat*
2,18,QUA,2019,2,4,Prob e Estatística,,,,
2,8,SEG,2019,1,1,Calculo I,Mylane,,106 ,
2,8,SEG,2019,1,2,Calculo II,Oscar,,107 ,
2,8,SEG,2019,1,5,Computação e Sociedade,,,,
2,8,TER,2019,1,1,Int Ciênc Comp,Riv,,InfCCT,
2,8,TER,2019,1,3,Calculo III,,,206 207,
2,8,TER,2019,1,5,Proc Estocást,L Guill,,,
2,8,QUA,2019,1,1,Calculo I,Mylane,,106,
2,8,QUA,2019,1,2,Calculo II,Oscar,,107,
2,8,QUI,2019,1,1,Organiz Comp,Luiz M,,B2,
2,8,QUI,2019,1,3,Calculo III,,,206 207,
2,8,QUI,2019,1,5,Proc Estocást,L Guill,,205 E1,
2,10,SEG,2019,1,1,Calculo I,Mylane,,106,
2,10,SEG,2019,1,3,Fisica Ge 2,,,,
2,10,SEG,2019,1,5,Banco Dados I,,,,
2,10,TER,2019,1,3,Paradig Ling Prog,Ausb,,B1,
2,10,TER,2019,1,9,Proc de Imagens,Riv,,B2,
2,10,QUA,2019,1,1,Calculo I,Mylane,,106 ,
2,10,QUA,2019,1,3,Fisica Geral 2,,,,
2,10,QUI,2019,1,3,Paradig Ling Prog,Ausb,,,
2,10,QUI,2019,1,5,Banco Dados 1,Luiz M,,B1,
2,10,QUI,2019,1,9,Proc de Imagens,Riv,,B2,
2,10,SEX,2019,1,9,Projeto de Monog,Riv,,B1,
2,10,SEX,2019,1,10,Estágio Sup,Ausb,,p5 119,
2,12,TER,2019,1,1,Ingles Instrumental I,,,,
2,12,QUI,2019,1,1,Ingles Instrumental I,,,,
2,14,SEG,2019,1,1,Programação 1,Annab,,B2,
2,14,SEG,2019,1,3,Métodos Mat,,,106 e 107,
2,14,SEG,2019,1,5,Redes de Comp,Antônio,,B1,
2,14,SEG,2019,1,7,Test de Soft,Leonard,,InfCCT,
2,14,TER,2019,1,1,Geom Analít,Elba,,109 B,
2,14,TER,2019,1,3,Arquitet Comp,Osniel,,B1,
2,14,TER,2019,1,7,Interação Hom Maq,Riv,,B2,
2,14,QUA,2019,1,1,Programação 1,Annab,,B2,
2,14,QUA,2019,1,3,Métodos Mat,,,106 107,
2,14,QUA,2019,1,5,Redes de Comp,Antônio,,B1,
2,14,QUI,2019,1,1,Geom Analít,Elba,,109 B,
2,14,QUI,2019,1,3,Arquitet Comp,Osniel,,B1,
2,14,QUI,2019,1,7,Interação Hom Maq,Riv,,B2,
2,14,SEX,2019,1,7,Test de Soft,Leonard,,InfCCT,
2,14,SEX,2019,1,9,Top Programação,,,B1,
2,14,SEX,2019,1,10,Monografia,Tang,,p5 119,
2,16,SEG,2019,1,1,Lógica Mat,Tang,,206,
2,16,SEG,2019,1,3,Lab Física geral 2,,,,A
2,16,SEG,2019,1,5,Lings Formais,Annab,,208 ,
2,16,SEG,2019,1,7,Sists Distrib,Antônio,,B1,
2,16,TER,2019,1,3,Estrutura Dados 1,Tang,,Sal ,
2,16,TER,2019,1,5,Engenharia de Soft,Ausb,,B1 ,
2,16,TER,2019,1,7,Metod Trab Cientif,,,cct,
2,16,QUA,2019,1,1,Lógica Mat,Tang,,206,
2,16,QUA,2019,1,3,Lab Física geral 2,,,,D
2,16,QUA,2019,1,5,Lings Formais,Annab,,208,
2,16,QUA,2019,1,7,Sists Distrib,Antônio,,B1,
2,16,QUI,2019,1,1,Organiz Comp,Luiz M,,,
2,16,QUI,2019,1,3,Estrutura Dados 1,Tang,,,
2,16,QUI,2019,1,5,Eng de Soft,Ausb,,B1,
2,16,QUI,2019,1,7,Metod Trab Cientif,,,cct,
2,16,SEX,2019,1,9,Top Programação,,,B1,
2,18,SEG,2019,1,3,Lab Física geral 2,,,,B
2,18,TER,2019,1,3,Lab Física geral 2,,,,C
2,18,QUA,2019,1,3,Lab Física geral 2,,,,E
